oid,ndethist,ncovhist,mjdstarthist,mjdendhist,corrected,stellar,ndet,g_r_max,g_r_max_corr,g_r_mean,g_r_mean_corr,firstmjd,lastmjd,deltajd,meanra,meandec,sigmara,sigmadec,class,classifier,probability,step_id_corr,target_class,candid_used,stamp_dir,stamp_error,fid,fid_band,magpsf,sigmapsf,sgscore1,sgscore2,sgscore3,distpsnr1,distpsnr2,distpsnr3,classtar,fwhm,isdiffpos,alert_ndethist,alert_ncovhist,chinr,sharpnr,objectidps1,sgmag1,srmag1,simag1,szmag1,nmtchps
ZTF19abahkyo,149,1329,58641.5,60212.5,True,False,77,-0.02313,0.309561,0.0555767,0.38489804,59046.42251159996,60212.38864579983,1165.9661341998726,350.8108772246753,10.9163705974026,5.366592361115172e-05,6.507979307625453e-05,AGN,stamp_classifier,0.8618564,1.2.1,AGN,1.30642872161501e+18,F:\ZTF_Adjusted_Dataset\stamps_original\AGN\ZTF19abahkyo,,2.0,r,20.84144401550293,0.1822295635938644,0.9970830082893372,1.0,0.0,0.1844544112682342,6.535272598266602,10.359244346618652,0.7730000019073486,1.115422606468201,f,11.0,368.0,0.7879999876022339,0.0450000017881393,1.2110350810811011e+17,19.616100311279297,19.30610084533692,19.30699920654297,19.29439926147461,12.0
ZTF19abkflox,228,1092,58362.5,60237.25,True,False,175,-0.218,0.237607,-0.057534218,0.3102092,58693.43857639981,60237.25075230002,1543.8121759002097,4.922924892571428,-22.09350496,7.006411186964977e-05,6.310349098681515e-05,AGN,stamp_classifier,0.8612941,1.2.1,AGN,9.6937589511501e+17,F:\ZTF_Adjusted_Dataset\stamps_original\AGN\ZTF19abkflox,,2.0,r,20.29975700378418,0.2069916874170303,0.9964579939842224,0.0020833299495279,0.0012499999720603,0.3303240239620209,13.577251434326172,18.271211624145508,0.6930000185966492,1.3142712116241455,f,16.0,170.0,0.9509999752044678,-0.0340000018477439,8.148004922923816e+16,19.395999908447266,19.218000411987305,19.295799255371094,19.37120056152344,3.0
ZTF19abnqvlv,23,248,58634.43250000011,58705.443240699824,True,True,5,0.22460747,0.21608634,0.23123741,0.2498433,58690.453819400165,58705.443240699824,14.989421299658716,345.70877254,7.81281268,4.640207970567197e-05,5.6584335288100085e-05,AGN,stamp_classifier,0.8651568,corr_bulk_0.0.1,AGN,9.5144324521501e+17,F:\ZTF_Adjusted_Dataset\stamps_original\AGN\ZTF19abnqvlv,,2.0,r,20.599693298339844,0.2144871205091476,0.0166666992008686,0.9975000023841858,0.9956250190734864,0.4260317683219909,10.90512466430664,13.921586036682127,0.7490000128746033,1.247713327407837,f,23.0,248.0,0.6779999732971191,0.0049999998882412,1.173734570872358e+17,20.92410087585449,20.52879905700684,20.29540061950684,19.7814998626709,4.0
ZTF19aboygzl,240,768,58390.29548610002,61030.08550930023,True,False,197,,,,,58693.46087960014,61030.08550930023,2336.6246297000907,1.4770114021857748,-22.59330886997916,0.0054260745344844,0.0050096508059228,AGN,stamp_classifier,0.8658664,27.5.7a32.dev1,AGN,9.5139760371501e+17,F:\ZTF_Adjusted_Dataset\stamps_original\AGN\ZTF19aboygzl,,1.0,g,20.319719314575195,0.2135839909315109,1.0,-999.0,-999.0,0.1547868400812149,-999.0,-999.0,0.5090000033378601,1.3521679639816284,f,3.0,86.0,0.163000002503395,0.0,8.08800147699684e+16,18.58309936523437,18.524599075317383,18.33930015563965,18.28039932250977,1.0
ZTF19abrmmtv,54,1811,58706.41896989988,61025.17548609991,True,True,13,,,,,58706.41896989988,61025.17548609991,2318.7565162000246,15.568434982733756,5.477821250673821,0.0184068082928747,0.0183227481644397,AGN,stamp_classifier,0.8596097,27.5.7a32.dev1,AGN,9.65376143515015e+17,F:\ZTF_Adjusted_Dataset\stamps_original\AGN\ZTF19abrmmtv,,2.0,r,20.32268714904785,0.2148258984088897,1.0,0.3705950081348419,0.1528449952602386,0.0992247983813285,20.20183181762696,23.714712142944336,0.8149999976158142,1.3707233667373655,t,2.0,134.0,0.6589999794960022,0.0,1.145701556849038e+17,18.825899124145508,18.736900329589844,18.519899368286133,18.5310001373291,6.0
ZTF20abgduxo,414,2132,59014.39003469981,61028.1118402998,True,False,304,,,,,59014.39003469981,61028.1118402998,2013.721805599984,344.0807567346683,18.10326664274522,0.0044290854379384,0.00420983685635,AGN,stamp_classifier,0.8645132,27.5.7a32.dev1,AGN,1.29840405281501e+18,F:\ZTF_Adjusted_Dataset\stamps_original\AGN\ZTF20abgduxo,,2.0,r,20.68450355529785,0.1826159358024597,0.3694730103015899,0.000833333004266,0.0035833299625664,0.1458434015512466,6.074941635131836,8.559660911560059,0.8270000219345093,2.539999961853028,f,9.0,341.0,0.4199999868869781,0.0109999999403953,1.2972344080785438e+17,20.757099151611328,20.3439998626709,20.07379913330078,20.51099967956543,12.0
ZTF20ablwblo,40,1514,59045.36123839999,60586.379756900016,True,True,24,,,,,59045.36123839999,60586.379756900016,1541.01851850003,355.200220800006,-2.075895199998884,0.0850558135533681,0.0849999938174867,AGN,stamp_classifier,0.8656554,24.5.2a6,AGN,1.391273983815015e+18,F:\ZTF_Adjusted_Dataset\stamps_original\AGN\ZTF20ablwblo,,1.0,g,20.286785125732425,0.1767475306987762,1.0,-999.0,-999.0,0.7203652858734131,-999.0,-999.0,0.6970000267028809,3.2300000190734863,t,32.0,493.0,0.7760000228881836,-0.0649999976158142,1.055035520016394e+17,19.35140037536621,19.11289978027344,18.92740058898925,18.884599685668945,1.0
ZTF20abmcwwz,58,652,59046.5,60148.5,True,False,39,-0.1843,0.133829,-0.01734498,0.21888126,59046.43863430014,60148.438182900194,1101.9995486000553,2.274401041025641,-14.837102023076923,6.68931265367989e-05,6.249626709509697e-05,AGN,stamp_classifier,0.87657,1.2.0,AGN,1.30243870541501e+18,F:\ZTF_Adjusted_Dataset\stamps_original\AGN\ZTF20abmcwwz,,1.0,g,20.10814476013184,0.1591134220361709,0.9874169826507568,0.5,-999.0,0.1979859620332718,13.278481483459473,-999.0,0.9350000023841858,2.2699999809265137,f,4.0,258.0,0.4670000076293945,0.0040000001899898,9.019002274446582e+16,19.09289932250977,18.942100524902344,18.77199935913086,18.77009963989257,2.0
ZTF20abmyqtr,4,423,58786.19903940009,59081.402638900094,True,True,3,0.24853706,0.7460552,0.21379852,0.73910034,59049.39342590002,59081.402638900094,32.009213000070304,3.2305564,6.856330066666668,1.5688530842592576e-05,6.460281211643813e-05,AGN,stamp_classifier,0.86082256,corr_bulk_0.0.1,AGN,1.29539342631501e+18,F:\ZTF_Adjusted_Dataset\stamps_original\AGN\ZTF20abmyqtr,,2.0,r,20.54644012451172,0.2153791785240173,1.0,0.9493929743766784,0.0352082997560501,0.2220057398080825,13.321049690246582,23.379018783569336,0.6970000267028809,1.2260123491287231,f,2.0,395.0,0.1539999991655349,-0.0199999995529651,1.1622003230568813e+17,19.07150077819824,18.613000869750977,18.364200592041016,18.27400016784668,6.0
ZTF20abmyrda,176,1366,59045.36030089995,60885.38108799979,True,False,84,,,,,59045.36030089995,60885.38108799979,1840.020787099842,352.10784667478225,-9.655746818607064,0.0078178887418667,0.0077071349388002,AGN,stamp_classifier,0.8633525,27.5.6,AGN,1.29539291391501e+18,F:\ZTF_Adjusted_Dataset\stamps_original\AGN\ZTF20abmyrda,,2.0,r,20.3803825378418,0.1984516978263855,0.3714230060577392,0.8464879989624023,-999.0,0.0704207792878151,28.78157424926757,-999.0,0.8240000009536743,1.1625542640686035,f,3.0,207.0,0.5839999914169312,0.0080000003799796,9.641352107866354e+16,19.177600860595703,19.130199432373047,18.999900817871094,18.917499542236328,2.0
ZTF20abnwcno,3,232,58694.42827549996,59052.4583101999,True,True,1,,,,,59052.4583101999,59052.4583101999,0.0,353.1798131,-15.9357264,,,AGN,stamp_classifier,0.86008114,corr_bulk_0.0.1,AGN,1.298458314115015e+18,F:\ZTF_Adjusted_Dataset\stamps_original\AGN\ZTF20abnwcno,,1.0,g,20.571746826171875,0.2133361995220184,0.9877079725265504,0.0037499999161809,0.0049999998882412,0.4939982891082763,11.267569541931152,29.64573097229004,0.7059999704360962,2.880000114440918,t,3.0,232.0,0.4799999892711639,0.0399999991059303,8.887353179564758e+16,19.78849983215332,19.313899993896484,19.306900024414062,19.43280029296875,3.0
ZTF20abolejm,280,1587,58703.46015049983,60885.41644679988,True,False,154,,,,,59045.36123839999,60885.41644679988,1840.055208399892,354.48509436147265,-2.991861886905684,0.0056743265163162,0.0056665920120918,AGN,stamp_classifier,0.8831937,27.5.6,AGN,1.30646211241501e+18,F:\ZTF_Adjusted_Dataset\stamps_original\AGN\ZTF20abolejm,,1.0,g,20.63079643249512,0.2042957544326782,0.5817499756813049,0.0107500003650784,0.5,0.2987731695175171,11.581542015075684,11.750657081604004,0.7049999833106995,1.2603040933609009,f,8.0,254.0,0.2440000027418136,0.0070000002160668,1.044135448510202e+17,18.78890037536621,18.72719955444336,18.60980033874512,18.580699920654297,7.0
ZTF20abpdqxg,190,1312,59054.45783559978,60586.4031134001,True,False,112,,,,,59054.45783559978,60586.4031134001,1531.945277800318,354.0603387901501,-4.7842297061770775,0.0344507082937745,0.0343306763873242,AGN,stamp_classifier,0.87286,24.5.2a6,AGN,1.30345290081501e+18,F:\ZTF_Adjusted_Dataset\stamps_original\AGN\ZTF20abpdqxg,,2.0,r,20.71689796447754,0.217078685760498,0.9473090171813964,0.011374999769032,0.0020833299495279,0.0957280620932579,19.062345504760746,22.44918441772461,0.5600000023841858,1.2012944221496582,f,2.0,251.0,0.6930000185966492,0.0299999993294477,1.0225354060312931e+17,19.171600341796875,19.14889907836914,18.95070075988769,18.676700592041016,4.0
ZTF20acbnzyu,130,960,58710.43940970022,61029.15324069979,True,False,72,,,,,59106.397754599806,61029.15324069979,1922.7554860999808,7.619588091702244,-21.226831060723423,0.0087371771837716,0.0081443975205619,AGN,stamp_classifier,0.85983115,27.5.7a32.dev1,AGN,1.35831377561501e+18,F:\ZTF_Adjusted_Dataset\stamps_original\AGN\ZTF20acbnzyu,,1.0,g,20.47503089904785,0.1846929341554641,0.9749460220336914,-999.0,-999.0,0.3306506276130676,-999.0,-999.0,0.9010000228881836,2.130000114440918,f,5.0,207.0,0.7300000190734863,-0.0149999996647238,8.252007619580814e+16,19.42300033569336,20.03319931030273,19.872699737548828,19.25609970092773,1.0
ZTF20acmkijb,76,1633,58785.31927079987,60966.20634259982,True,True,16,,,,,59116.33606480016,60966.20634259982,1849.870277799666,9.543825833807922,6.240088949892846,0.0180703886886179,0.0179633240582304,AGN,stamp_classifier,0.86138284,27.5.6,AGN,1.39023270441501e+18,F:\ZTF_Adjusted_Dataset\stamps_original\AGN\ZTF20acmkijb,,2.0,r,20.666400909423828,0.2096857577562332,0.997708022594452,0.0687797963619232,0.0033333299215883,0.1945399791002273,14.08574390411377,18.560964584350582,0.8029999732971191,1.1111680269241333,f,24.0,433.0,0.3389999866485595,0.0049999998882412,1.1548009543890864e+17,20.02589988708496,19.84280014038086,19.7814998626709,19.67399978637696,5.0
ZTF21abqqknj,144,1308,59412.45932869986,60990.25123840012,True,False,59,,,,,59412.45932869986,60990.25123840012,1577.7919097002596,5.601505658973916,-16.41580513751311,0.0099325210915159,0.0095276321991911,AGN,stamp_classifier,0.8746749,27.5.7a32.dev1,AGN,1.67446090461501e+18,F:\ZTF_Adjusted_Dataset\stamps_original\AGN\ZTF21abqqknj,,2.0,r,20.429521560668945,0.2091085761785507,0.9975000023841858,0.0370693989098072,0.013124999590218,0.0747859477996826,10.27013111114502,19.71273231506348,0.7580000162124634,1.275248885154724,f,4.0,453.0,0.5770000219345093,0.0350000001490116,8.83000560148014e+16,19.86470031738281,19.84589958190918,19.697799682617188,19.62470054626465,7.0
ZTF21abxaosz,42,1677,59086.37303239992,60916.40076390002,True,True,11,,,,,59436.420648099855,60916.40076390002,1479.9801158001646,352.52988260569583,-0.0568128008941134,0.0222834911953674,0.0222834795291236,AGN,stamp_classifier,0.8623443,27.5.6,AGN,1.71235701631501e+18,F:\ZTF_Adjusted_Dataset\stamps_original\AGN\ZTF21abxaosz,,2.0,r,20.620885848999023,0.1999540477991104,0.9947500228881836,1.0,0.0,0.0942792445421218,14.124857902526855,14.64084529876709,0.7009999752044678,1.178739070892334,f,18.0,566.0,0.8370000123977661,0.0309999994933605,1.079335252992423e+17,19.6072998046875,19.38349914550781,19.376100540161133,19.32099914550781,6.0
ZTF21aceulas,26,319,58701.455324099865,59526.23201389983,True,True,15,-0.04847983,0.013042,-0.010899866,0.06445436,59459.33408559999,59526.23201389983,66.89792829984799,359.91788503333333,-26.990891346666665,6.994770154814515e-05,5.18020665151391e-05,AGN,stamp_classifier,0.8684703,correction_1.0.6,AGN,1.73427202091501e+18,F:\ZTF_Adjusted_Dataset\stamps_original\AGN\ZTF21aceulas,,1.0,g,20.49299430847168,0.2140641510486602,0.9477919936180116,0.0,0.0017500000540167,0.1036182567477226,11.901057243347168,16.977508544921875,0.6499999761581421,1.3034143447875977,f,18.0,301.0,0.6380000114440918,0.0299999993294477,7.561359917836123e+16,19.20400047302246,19.4379997253418,19.43680000305176,18.93239974975586,4.0
ZTF21acjdnic,1,510,59517.18983800011,59517.18983800011,True,True,1,,,,,59517.18983800011,59517.18983800011,0.0,359.5201106,-15.4656046,,,AGN,stamp_classifier,0.87581253,correction_1.0.6,AGN,1.76318983441501e+18,F:\ZTF_Adjusted_Dataset\stamps_original\AGN\ZTF21acjdnic,,1.0,g,20.714040756225582,0.2159159481525421,0.989791989326477,0.5,0.0150832999497652,0.230187177658081,10.288987159729004,10.864259719848633,0.6209999918937683,1.205230951309204,f,1.0,510.0,0.621999979019165,0.006000000052154,8.944359520167173e+16,19.74250030517578,19.7903995513916,19.572599411010746,19.68899917602539,8.0
ZTF21acjengo,485,3809,58736.45726849977,60941.29251160007,True,False,72,,,,,59766.43408560008,60941.29251160007,1174.8584259999916,9.292745899910413,23.03188271092979,0.0090900448775888,0.0083654525729042,AGN,stamp_classifier,0.86419135,27.5.6,AGN,2.03944629061501e+18,F:\ZTF_Adjusted_Dataset\stamps_original\AGN\ZTF21acjengo,,1.0,g,20.92741775512696,0.2166384905576706,1.0,0.0024999999441206,0.8519790172576904,0.1552209854125976,10.27200984954834,14.583233833312988,0.6000000238418579,1.238823652267456,f,90.0,1772.0,0.1969999969005584,-0.0010000000474974,1.3563009292672874e+17,19.678600311279297,19.87350082397461,19.3612003326416,19.48209953308105,6.0
ZTF21ackzubw,57,954,59428.5,59881.25,True,False,13,0.036800385,0.08705553,-0.028770337,0.06815118,59520.289513899945,59881.31740739988,361.0278934999369,352.64919700769224,14.37074226923077,5.869407211960564e-05,6.6605847899199e-05,AGN,stamp_classifier,0.86249703,1.1.6,AGN,1.768234686315015e+18,F:\ZTF_Adjusted_Dataset\stamps_original\AGN\ZTF21ackzubw,,1.0,g,20.55087852478028,0.176627054810524,0.9694030284881592,0.4351670145988464,0.5,0.1698675006628036,11.354203224182127,16.985950469970703,0.8429999947547913,3.0199999809265137,t,19.0,742.0,0.3860000073909759,0.0120000001043081,1.2524352649133536e+17,20.09749984741211,19.9685001373291,19.8789005279541,19.710899353027344,6.0
ZTF22aarhnvj,57,1648,59751.5,59814.25,True,False,16,0.1765,0.105454326,-0.0283063,0.07500285,59761.43270830018,59814.331122700125,52.89841439994052,0.01643163125,26.61268038125,4.7235124201522864e-05,5.134330490266197e-05,AGN,stamp_classifier,0.86613756,dev,AGN,2.01543068431501e+18,F:\ZTF_Adjusted_Dataset\stamps_original\AGN\ZTF22aarhnvj,,1.0,g,20.66715812683105,0.2119058966636657,0.9892500042915344,0.978958010673523,0.0012499999720603,0.0356673263013362,20.336320877075195,23.14162826538086,0.6850000023841858,2.509999990463257,f,15.0,1506.0,0.296999990940094,-0.0240000002086162,1.3993000016451576e+17,19.770299911499023,19.66189956665039,19.47279930114746,19.027000427246094,7.0
ZTF22abrizic,20,1462,59518.25,59881.25,True,True,3,,,,,59858.33210649993,59881.28504629992,22.95293979998678,8.026246333333333,16.249628233333333,2.5197685079258963e-05,2.066333306501645e-05,AGN,stamp_classifier,0.86219084,1.1.6,AGN,2.12728504081501e+18,F:\ZTF_Adjusted_Dataset\stamps_original\AGN\ZTF22abrizic,,2.0,r,20.568639755249023,0.1890426129102707,0.9832080006599426,0.989791989326477,0.0119166998192667,0.1268168538808822,10.841322898864746,17.095508575439453,0.7279999852180481,1.186748743057251,f,20.0,1462.0,0.3619999885559082,-0.0049999998882412,1.275000802623902e+17,20.219600677490234,19.83440017700196,19.54030036926269,19.44050025939941,5.0
ZTF22acavrkl,45,1966,59386.44590280019,60609.283321800176,True,True,13,,,,,60182.343009300064,60609.283321800176,426.94031250011176,354.1204462352403,36.16658819044478,0.0425250640631569,0.034330678394204,AGN,stamp_classifier,0.8627807,24.5.2a6,AGN,2.44641407551501e+18,F:\ZTF_Adjusted_Dataset\stamps_original\AGN\ZTF22acavrkl,,2.0,r,21.116804122924805,0.2164531797170639,0.994687020778656,0.0313333012163639,0.009375000372529,0.1503903567790985,18.301389694213867,19.766674041748047,0.7329999804496765,1.1350668668746948,f,20.0,1606.0,0.7950000166893005,0.0719999969005584,1.514035412041804e+17,19.71489906311035,19.45549964904785,19.38859939575196,19.181400299072266,5.0
ZTF23abcufgt,34,1395,60200.32692130003,60586.44113430008,True,False,19,,,,,60562.33637729986,60586.44113430008,24.104757000226527,2.904591959993408,-9.229826999999956,0.0294501786565606,0.0290688824689701,AGN,stamp_classifier,0.8619758,24.5.2a6,AGN,2.83121390471501e+18,F:\ZTF_Adjusted_Dataset\stamps_original\AGN\ZTF23abcufgt,,2.0,r,21.006967544555664,0.1277734488248825,0.9740949869155884,-999.0,-999.0,0.159247800707817,-999.0,-999.0,0.912999987602234,1.2156660556793213,f,18.0,1369.0,0.4519999921321869,-0.0189999993890523,9.69200290457646e+16,20.09189987182617,20.42770004272461,19.9655990600586,20.05030059814453,1.0
ZTF23abkdaep,8,1545,60232.33001160016,60533.39369209996,True,False,1,,,,,60533.39369209996,60533.39369209996,0.0,32.5710021,7.1899907,0.0856736898422241,0.0850000008940696,AGN,stamp_classifier,0.8688293,24.5.2a6,AGN,2.77939369591501e+18,F:\ZTF_Adjusted_Dataset\stamps_original\AGN\ZTF23abkdaep,,2.0,r,21.01991271972656,0.1907690465450287,0.982083022594452,0.0043750000186264,0.0033333299215883,0.2876750826835632,27.717851638793945,27.84307289123535,0.7960000038146973,1.1973448991775513,f,8.0,1545.0,0.1870000064373016,0.0010000000474974,1.1662032571070845e+17,20.777099609375,20.166200637817383,19.955299377441406,19.85740089416504,5.0
ZTF23abmjjdg,34,1326,60202.348217600025,60586.379756900016,True,False,14,,,,,60559.33665509988,60586.379756900016,27.04310180014,355.09978392743653,-3.497720806895195,0.0286415636995746,0.0285882101931941,AGN,stamp_classifier,0.86185676,24.5.2a6,AGN,2.83133469211501e+18,F:\ZTF_Adjusted_Dataset\stamps_original\AGN\ZTF23abmjjdg,,1.0,g,21.17899703979492,0.1714732944965362,1.0,0.0,0.1031370013952255,0.213634192943573,9.330994606018066,12.25707721710205,0.975000023841858,1.3178703784942627,f,25.0,1310.0,0.6190000176429749,-0.0309999994933605,1.0380355099785336e+17,19.363399505615234,19.30220031738281,19.34129905700684,19.11280059814453,9.0
ZTF24abalcyn,20,1843,59736.46668979991,60579.2652083002,True,False,7,,,,,60527.39175930014,60579.2652083002,51.87344900006429,17.596681795878013,28.51165590043889,0.0587596259154827,0.051633257804039,AGN,stamp_classifier,0.8630988,24.5.2a6,AGN,2.77841224551501e+18,F:\ZTF_Adjusted_Dataset\stamps_original\AGN\ZTF24abalcyn,,2.0,r,20.96233558654785,0.2137912064790725,1.0,0.5,0.0241071004420518,0.0481754578649997,10.177322387695312,26.715499877929688,0.8090000152587891,1.1907333135604858,f,11.0,1761.0,0.7409999966621399,-0.0120000001043081,1.422101759669846e+17,19.64690017700196,19.678600311279297,19.36870002746582,19.1879997253418,4.0
ZTF24abkonyj,37,1417,58695.41644679988,60586.34320600005,True,False,4,,,,,60585.32144680014,60586.34320600005,1.021759199909866,3.56748266667392,4.793748666666716,0.0376595009982851,0.0375277660943366,AGN,stamp_classifier,0.8696516,24.5.2a6,AGN,2.83136802421501e+18,F:\ZTF_Adjusted_Dataset\stamps_original\AGN\ZTF24abkonyj,,1.0,g,21.246496200561523,0.2047639787197113,0.9950000047683716,0.0,0.0057916701771318,0.5509845018386841,18.85616874694824,22.616077423095703,0.9350000023841858,1.3890310525894165,f,35.0,1400.0,0.3449999988079071,0.0140000004321336,1.1375003567492298e+17,19.219900131225582,18.954200744628903,18.97249984741211,18.8174991607666,3.0
ZTF25abluafq,12,1836,59462.4144791998,60912.441736099776,True,False,1,,,,,60912.441736099776,60912.441736099776,0.0,16.5423986,20.3677549,0.0906687900424003,0.0850000008940696,AGN,stamp_classifier,0.8847351,27.5.6,AGN,3.15844173371501e+18,F:\ZTF_Adjusted_Dataset\stamps_original\AGN\ZTF25abluafq,,2.0,r,20.84490203857422,0.2130132764577865,0.9858329892158508,0.9564579725265504,0.201106995344162,0.2429725229740142,2.912510395050049,26.77088928222656,0.8140000104904175,1.0452722311019895,f,12.0,1836.0,0.3370000123977661,-0.0350000001490116,1.324401654242618e+17,20.24139976501465,19.98139953613281,20.019800186157227,20.00670051574707,5.0
ZTF18aaruphf,2,3528,58311.22883100016,60409.43685190007,True,False,1,,,,,60409.43685190007,60409.43685190007,0.0,256.5967164,28.3337937,0.09656922519207,0.0850000008940696,SN,stamp_classifier,0.90732,24.4.1,SN,2.655436855415015e+18,F:\ZTF_Adjusted_Dataset\stamps_original\SN\ZTF18aaruphf,,2.0,r,20.67449378967285,0.1351924985647201,0.0731457993388176,0.5,0.0587082989513874,0.6099456548690796,2.318885087966919,7.579601764678955,0.977999985218048,1.368417739868164,t,2.0,3528.0,5.537000179290772,0.6890000104904175,1.4200256596561107e+17,17.944499969482422,17.904499053955078,17.264799118041992,17.31410026550293,13.0
ZTF18abayujb,8,3068,58284.25,60250.0,True,False,3,2.969008,2.89629,1.6129676,1.6165589,58284.35008100001,60250.11712960014,1965.7670486001296,277.23637783333334,65.48206436666666,5.550408393853561e-05,1.9623540287106336e-05,SN,stamp_classifier,0.90294343,1.2.1,SN,5.30350085215015e+17,F:\ZTF_Adjusted_Dataset\stamps_original\SN\ZTF18abayujb,,2.0,r,16.3618106842041,0.0075674173422157,0.0750714018940925,0.5,0.9509170055389404,0.0516987852752208,1.222494125366211,4.012382507324219,0.984000027179718,2.4200000762939453,t,1.0,115.0,2.5309998989105225,0.2809999883174896,1.8657277236191933e+17,21.88710021972656,21.50320053100586,19.9773006439209,19.01110076904297,6.0
ZTF18abpenky,2,1456,58353.479282400105,60586.15120369988,True,False,1,,,,,60586.15120369988,60586.15120369988,0.0,16.0129435,-4.7959985,0.0852986574172973,0.0850000008940696,SN,stamp_classifier,0.90268934,24.5.2a6,SN,2.832151200515015e+18,F:\ZTF_Adjusted_Dataset\stamps_original\SN\ZTF18abpenky,,2.0,r,19.31311798095703,0.1192196756601333,0.0,0.5,0.079874999821186,0.5325880646705627,18.434085845947266,26.792856216430664,0.9279999732971193,2.5199999809265137,t,2.0,1456.0,3.2880001068115234,0.3799999952316284,1.0224016013060531e+17,19.79129981994629,18.82869911193848,18.287399291992188,18.026599884033203,3.0
ZTF18acejtrj,1,2231,60586.13265050016,60586.13265050016,True,False,2,,,,,58429.25275459979,60586.13265050016,2156.879895900376,1.7930481999997976,-11.424130399999548,0.0867180746506837,0.0850000005863921,SN,stamp_classifier,0.91842324,24.5.2a6,SN,6.752527519150106e+17,F:\ZTF_Adjusted_Dataset\stamps_original\SN\ZTF18acejtrj,,2.0,r,20.47707748413086,0.2168302983045578,0.0,0.0,0.0099583296105265,0.0766889154911041,15.36972713470459,18.81611061096192,0.8050000071525574,2.859999895095825,f,1.0,137.0,2.993000030517578,0.2610000073909759,9.429001792974147e+16,19.6884994506836,19.05209922790528,18.910400390625,18.65800094604492,3.0
ZTF20aazvfcr,45,1567,58985.39270830015,59015.32385420008,False,False,25,0.3717518,,0.28754997,,58985.39270830015,59015.32385420008,29.931145899929103,267.050924116,66.60615539999999,8.571807801882218e-05,2.36982770129752e-05,SN,stamp_classifier,0.9212054,corr_bulk_0.0.1,SN,1.261323850515015e+18,F:\ZTF_Adjusted_Dataset\stamps_original\SN\ZTF20aazvfcr,,2.0,r,20.53556060791016,0.216015413403511,0.5,0.0986130982637405,0.2361250072717666,2.4212868213653564,6.31716251373291,10.562661170959473,0.9300000071525574,1.232434630393982,t,45.0,1567.0,5.308000087738037,0.6039999723434448,1.879226704947576e+17,20.647300720214844,-999.0,19.99570083618164,-999.0,9.0
ZTF20abbplei,116,1731,58994.41313660005,59074.22914349986,False,False,71,0.36237717,,0.80628777,,58994.41313660005,59074.22821759991,79.8150809998624,256.7275102183098,30.271475791549285,2.657420505708392e-05,2.29063668408189e-05,SN,stamp_classifier,0.9051353,corr_bulk_0.0.1,SN,1.320228211515015e+18,F:\ZTF_Adjusted_Dataset\stamps_original\SN\ZTF20abbplei,,1.0,g,20.383766174316406,0.2154737114906311,0.144893005490303,0.2200540006160736,0.2473870068788528,6.176022052764893,10.805816650390623,13.387629508972168,0.9449999928474426,2.3499999046325684,t,116.0,1731.0,6.603000164031982,0.3339999914169311,1.4432256727961434e+17,13.460000038146973,13.42300033569336,13.48900032043457,15.54069995880127,12.0
ZTF20abcxoog,17,1474,58829.11311340006,60615.39180559991,True,False,8,,,,,58998.45246529998,60615.39180559991,1616.9393402999267,2.386449599969377,72.81297010000137,0.2199722304184068,0.0649999966527015,SN,stamp_classifier,0.90530074,24.5.2a6,SN,1.244480061415015e+18,F:\ZTF_Adjusted_Dataset\stamps_original\SN\ZTF20abcxoog,,2.0,r,18.585996627807617,0.0841971486806869,0.1132979989051818,0.8569790124893188,0.6333749890327454,0.0372616797685623,2.803795576095581,8.282238006591797,0.9829999804496764,1.830000042915344,t,6.0,520.0,0.6970000267028809,-0.0680000036954879,1.953700238638664e+17,-999.0,-999.0,21.59429931640625,20.6382999420166,13.0
ZTF20abejvpr,506,3823,59011.19325229991,59063.17753469991,False,False,54,-0.15504074,,0.00014305115,,59012.20500000008,59063.17753469991,50.97253469983116,219.33280228703703,55.214478827777775,5.8637295900465705e-05,1.7130117102272337e-05,SN,stamp_classifier,0.912892,corr_bulk_0.0.1,SN,1.309177534615015e+18,F:\ZTF_Adjusted_Dataset\stamps_original\SN\ZTF20abejvpr,,2.0,r,19.589618682861328,0.1671107411384582,0.0033333299215883,-999.0,-999.0,3.485790014266968,-999.0,-999.0,0.9890000224113464,1.6299999952316284,t,506.0,3823.0,6.02899980545044,0.6309999823570251,1.7425219333679715e+17,20.4817008972168,20.230199813842773,19.81920051574707,19.70800018310547,1.0
ZTF21aaowaxx,777,5372,59282.51354169985,59486.18209489994,True,False,228,-0.014526,0.007646,0.34881857,0.2504054,59282.51354169985,59486.18209489994,203.66855320008472,252.9938154890351,62.56787437675438,0.000110516922032,4.165312532465636e-05,SN,stamp_classifier,0.9069585,correction_1.0.6,SN,1.528513544615015e+18,F:\ZTF_Adjusted_Dataset\stamps_original\SN\ZTF21aaowaxx,,2.0,r,19.297298431396484,0.1003061458468437,0.1545950025320053,0.0309820994734764,0.5,0.2075307667255401,1.1412324905395508,2.12730073928833,0.9959999918937684,2.4100000858306885,t,1.0,4233.0,2.5269999504089355,0.2540000081062317,1.830825299386621e+17,21.27470016479492,21.39249992370605,21.25510025024414,21.069900512695312,11.0
ZTF21aaqehcy,21,2472,59292.45700229984,59309.41159720021,False,False,10,-0.152718,,-0.19907644,,59292.45700229984,59309.41159720021,16.95459490036592,243.06658988,37.5399382,6.469239694466984e-05,8.20888542973865e-05,SN,stamp_classifier,0.9094264,correction_0.0.1,SN,1.538457001115015e+18,F:\ZTF_Adjusted_Dataset\stamps_original\SN\ZTF21aaqehcy,,1.0,g,19.584917068481445,0.0947865769267082,0.5,0.0198333002626895,0.6123899817466736,2.26878023147583,4.536741256713867,10.508947372436523,0.9679999947547911,2.150000095367432,t,1.0,2434.0,5.872000217437744,0.3129999935626983,1.5304243066015824e+17,-999.0,-999.0,18.519699096679688,-999.0,10.0
ZTF22abgxzer,17,1445,59841.25,59859.25,True,False,17,-0.028261,0.200114,0.24107997,0.42001638,59841.20619209996,59859.220046299975,18.013854200020432,337.1201673647059,40.71157774117647,3.41194581823677e-05,2.480786313931449e-05,SN,stamp_classifier,0.903373,dev,SN,2.089266524315015e+18,F:\ZTF_Adjusted_Dataset\stamps_original\SN\ZTF22abgxzer,,2.0,r,19.387256622314453,0.0765799880027771,0.0012499999720603,1.0,0.9937919974327089,0.0109702832996845,5.12535572052002,6.075052261352539,0.984000027179718,1.7599999904632568,t,3.0,1429.0,2.196000099182129,0.2169999927282333,1.5685337120198454e+17,20.622499465942383,20.1338005065918,19.7238998413086,19.60169982910156,15.0
ZTF23aaixbbe,80,4116,60064.25,60114.25,True,False,26,-0.166521,-0.073789,-0.17399798,-0.03415895,60064.45576390019,60114.34488430014,49.889120399951935,254.0320704346154,48.35142393846154,5.786194564414833e-05,3.3298793694279366e-05,SN,stamp_classifier,0.9063906,1.2.0,SN,2.318432463815015e+18,F:\ZTF_Adjusted_Dataset\stamps_original\SN\ZTF23aaixbbe,,1.0,g,19.01142883300781,0.1394741237163543,0.0,-999.0,-999.0,0.6755056381225586,-999.0,-999.0,0.9810000061988832,2.2100000381469727,t,7.0,4013.0,0.324999988079071,0.0489999987185001,1.660225403231823e+17,21.724300384521484,21.284099578857425,20.90290069580078,20.894100189208984,1.0
ZTF23aatkzyj,1,2779,60146.5,60146.5,False,False,1,,,,,60146.39510420011,60146.39510420011,0.0,308.3286082,69.6645526,,,SN,stamp_classifier,0.925858,1.2.0,SN,2.392395104615015e+18,F:\ZTF_Adjusted_Dataset\stamps_original\SN\ZTF23aatkzyj,,2.0,r,19.552963256835938,0.1150602996349334,-999.0,-999.0,-999.0,-999.0,-999.0,-999.0,0.9539999961853028,2.220000028610229,t,1.0,2779.0,1.725000023841858,0.3779999911785126,-999.0,-999.0,-999.0,-999.0,-999.0,0.0
ZTF23aavmeou,3,1434,60150.5,60155.5,True,False,3,,,,,60150.42099539982,60155.4360301001,5.015034700278193,0.2544120666666667,11.4503355,2.1785851677958056e-05,3.4057745080804294e-05,SN,stamp_classifier,0.91777754,1.2.0,SN,2.401436032515015e+18,F:\ZTF_Adjusted_Dataset\stamps_original\SN\ZTF23aavmeou,,1.0,g,20.40422821044922,0.1580602377653122,0.0715297982096672,0.0106845004484057,0.9701669812202454,0.6560292840003967,7.902481079101562,12.297091484069824,0.9679999947547911,2.0299999713897705,t,3.0,1434.0,0.6629999876022339,0.1199999973177909,1.217400025450808e+17,21.100400924682617,20.23730087280273,19.81679916381836,19.59259986877441,8.0
ZTF23abbaqzy,39,1758,60193.25,60239.0,True,False,36,0.006974,0.459715,0.033422966,0.5405605,60193.24422449991,60239.11651619989,45.87229169998318,286.7280592305556,37.47504224444444,3.394758834113289e-05,2.6354250884077472e-05,SN,stamp_classifier,0.9410556,1.2.1,SN,2.439244221115015e+18,F:\ZTF_Adjusted_Dataset\stamps_original\SN\ZTF23abbaqzy,,1.0,g,19.89593505859375,0.1133555546402931,0.0029166699387133,0.915166974067688,0.8707919716835022,0.4104382693767547,10.970515251159668,12.15893268585205,0.9789999723434448,2.0299999713897705,t,1.0,1714.0,5.888000011444092,0.488999992609024,1.5297286728043062e+17,19.77739906311035,19.423799514770508,18.822900772094727,18.39929962158203,18.0
ZTF24aaiuoje,6,2342,60409.14025459997,60411.293009299785,True,False,6,,,,,60409.14025459997,60411.293009299785,2.1527546998113394,169.55472889448356,30.55333448922733,0.0346167990537973,0.0298104754913835,SN,stamp_classifier,0.909717,24.4.1,SN,2.655140251215015e+18,F:\ZTF_Adjusted_Dataset\stamps_original\SN\ZTF24aaiuoje,,2.0,r,20.986692428588867,0.1361507773399353,0.0,0.5,0.0024999999441206,0.0750423595309257,0.1757145971059799,5.505186557769775,0.9549999833106996,2.539999961853028,t,1.0,2333.0,5.460999965667725,0.3459999859333038,1.4466169554658483e+17,20.503700256347656,20.572900772094727,20.033700942993164,19.66270065307617,5.0
ZTF24aajdtjs,2,3687,60409.2702314998,60411.49320599996,False,False,2,,,,,60409.2702314998,60411.49320599996,2.2229745001532137,247.11267835000376,40.94879565,0.060852918529797,0.0459619390912516,SN,stamp_classifier,0.92663676,24.4.1,SN,2.657493203415015e+18,F:\ZTF_Adjusted_Dataset\stamps_original\SN\ZTF24aajdtjs,,1.0,g,20.831531524658203,0.1173861920833587,0.0086666699498891,0.0,0.5,1.7807844877243042,18.48750114440918,20.019166946411133,0.9950000047683716,2.430000066757202,t,2.0,3687.0,4.0329999923706055,0.2520000040531158,1.5713247113374928e+17,20.093900680541992,19.89380073547364,19.00489997863769,19.132200241088867,3.0
ZTF24aaxigzn,29,2943,60514.31275459984,60554.20476849983,True,False,30,,,,,60514.31275459984,60554.20476849983,39.892013899981976,299.5253361000216,61.7109304777777,0.0597850232908505,0.0283333333920518,SN,stamp_classifier,0.9122136,24.5.2a6,SN,2.765360042415015e+18,F:\ZTF_Adjusted_Dataset\stamps_original\SN\ZTF24aaxigzn,,2.0,r,19.58017349243164,0.1237987503409385,0.0074999998323619,0.5,0.5,0.8202334046363831,0.8767644166946411,1.792204976081848,0.9769999980926514,2.4600000381469727,t,5.0,2904.0,5.138000011444092,0.3260000050067901,1.8205299525345376e+17,19.87380027770996,19.822599411010746,19.36149978637696,19.28820037841797,10.0
ZTF24aazgyku,40,1595,60526.47628469998,60611.3212731001,True,False,17,,,,,60526.47628469998,60611.3212731001,84.84498840011656,39.64341905741436,1.3739356542250225,0.0441421394722239,0.0441294481780287,SN,stamp_classifier,0.906271,24.5.2a6,SN,2.778440831115015e+18,F:\ZTF_Adjusted_Dataset\stamps_original\SN\ZTF24aazgyku,,1.0,g,20.4185791015625,0.1429033428430557,0.0,0.5,0.9800000190734864,0.5045272707939148,0.8214502334594727,8.971734046936035,0.9470000267028807,3.450000047683716,t,5.0,1479.0,1.284000039100647,0.1230000033974647,1.096403964332592e+17,21.29450035095215,-999.0,21.573400497436523,20.495399475097656,8.0
ZTF24abjioxz,29,1398,60578.40946759982,60586.44113430008,True,False,26,,,,,60578.40946759982,60586.44113430008,8.031666700262576,4.33528660000233,-9.007211149998174,0.046535788295405,0.0459619379237828,SN,stamp_classifier,0.94607085,24.5.2a6,SN,2.831213904315015e+18,F:\ZTF_Adjusted_Dataset\stamps_original\SN\ZTF24abjioxz,,2.0,r,19.592050552368164,0.0572640113532543,0.0125000001862645,0.961875021457672,0.987500011920929,0.6477454304695129,8.485934257507324,10.91884994506836,0.9869999885559082,1.7699999809265137,t,5.0,1372.0,2.9170000553131104,0.2339999973773956,9.719004335037178e+16,20.9778995513916,20.592500686645508,20.26259994506836,20.12579917907715,12.0
ZTF24abkkgbr,17,1311,58733.45671299985,60586.43229170004,True,False,15,,,,,60585.2239351999,60586.43229170004,1.208356500137597,18.69753760986965,-4.685120219685392,0.0262567025575316,0.0261689678232414,SN,stamp_classifier,0.91322535,24.5.2a6,SN,2.831223930015015e+18,F:\ZTF_Adjusted_Dataset\stamps_original\SN\ZTF24abkkgbr,,1.0,g,21.11568069458008,0.1841640472412109,0.0179166998714208,0.5,0.0027083300519734,0.152582362294197,3.552863359451294,15.663529396057127,0.9480000138282776,1.7799999713897705,t,3.0,1286.0,0.6940000057220459,-0.1570000052452087,1.0237018697473824e+17,21.427600860595703,21.259599685668945,20.800600051879883,20.385900497436523,6.0
ZTF24abklfav,14,1536,60568.46261569997,60586.46246530023,True,False,13,,,,,60585.23056709999,60586.46246530023,1.2318982002325356,8.552558012334705,0.338614581708722,0.025817080891754,0.0258166290313285,SN,stamp_classifier,0.92369235,24.5.2a6,SN,2.831253835615015e+18,F:\ZTF_Adjusted_Dataset\stamps_original\SN\ZTF24abklfav,,2.0,r,21.12705993652344,0.1341108381748199,0.0,0.0020833299495279,0.5,0.5571447014808655,25.52568817138672,25.606971740722656,0.9459999799728394,1.238823652267456,t,3.0,1509.0,0.9210000038146972,0.0939999967813491,1.0840008552514694e+17,21.82570075988769,21.393199920654297,21.14739990234375,20.71940040588379,5.0
ZTF24abksbrs,1,1384,60586.13043980021,60586.13043980021,True,False,1,,,,,60586.13043980021,60586.13043980021,0.0,9.5709718,-0.267881,0.0850009322166442,0.0850000008940696,SN,stamp_classifier,0.9125833,24.5.2a6,SN,2.832130435415015e+18,F:\ZTF_Adjusted_Dataset\stamps_original\SN\ZTF24abksbrs,,2.0,r,20.25764274597168,0.1514466702938079,0.0,0.0147618995979428,0.0118749998509883,0.4099175930023193,11.835350036621094,12.348010063171388,0.9879999756813048,1.2375484704971311,t,1.0,1384.0,4.7230000495910645,0.3759999871253967,1.076700957099589e+17,19.08139991760254,18.91710090637207,18.72640037536621,18.534500122070312,9.0
ZTF24abksnoz,1,2186,60586.13265050016,60586.13265050016,True,False,1,,,,,60586.13265050016,60586.13265050016,0.0,1.6882612999999995,-11.499183999999998,0.086741104722023,0.0850000008940696,SN,stamp_classifier,0.9105707,24.5.2a6,SN,2.832132651915015e+18,F:\ZTF_Adjusted_Dataset\stamps_original\SN\ZTF24abksnoz,,2.0,r,19.66714859008789,0.1464786827564239,0.0075833299197256,0.000833333004266,1.0,0.3120072782039642,14.660759925842283,24.598896026611328,0.9850000143051147,1.1973448991775513,t,1.0,2186.0,4.4720001220703125,0.2349999994039535,9.420001688122136e+16,19.41349983215332,18.887300491333008,18.86319923400879,18.74349975585937,7.0
ZTF24abktrxo,1,1258,60586.17797450023,60586.17797450023,True,False,1,,,,,60586.17797450023,60586.17797450023,0.0,14.4688876,-12.3026717,0.086997851729393,0.0850000008940696,SN,stamp_classifier,0.90851927,24.5.2a6,SN,2.832177970115015e+18,F:\ZTF_Adjusted_Dataset\stamps_original\SN\ZTF24abktrxo,,2.0,r,19.499082565307617,0.1161988154053688,0.0049999998882412,0.5927320122718811,0.0,0.3515001237392425,17.199726104736328,17.515140533447266,0.9869999885559082,1.227299451828003,t,1.0,1258.0,3.766999959945679,0.4359999895095825,9.32301446898672e+16,19.44849967956543,18.68880081176757,18.20890045166016,17.965999603271484,3.0
ZTF24abnpelc,44,2938,58695.31196760014,60647.10070599988,True,False,27,,,,,60602.25777779985,60639.16004629992,36.902268500067294,280.3518850380135,70.34252975313548,0.0411794055453929,0.0138526004162944,SN,stamp_classifier,0.9074038,25.0.0,SN,2.850200214015015e+18,F:\ZTF_Adjusted_Dataset\stamps_original\SN\ZTF24abnpelc,,2.0,r,18.755598068237305,0.0999165102839469,0.0045833298936486,0.5,0.5,0.6320592164993286,1.9823094606399536,2.402494668960572,1.0,2.25,t,9.0,2889.0,4.14900016784668,0.2409999966621399,1.92412803519382e+17,18.806299209594727,17.973400115966797,17.571699142456055,17.414600372314453,13.0
ZTF25aairbeq,2,1447,58429.50990739977,60739.40855319984,True,False,1,,,,,60739.40855319984,60739.40855319984,0.0,189.6801563,73.0860133,0.2234170138835907,0.0649999976158142,SN,stamp_classifier,0.9061938,26.0.1,SN,2.985408550315015e+18,F:\ZTF_Adjusted_Dataset\stamps_original\SN\ZTF25aairbeq,,1.0,g,19.946578979492188,0.1404942274093628,0.0048333299346268,0.5,0.8053960204124451,0.8568220734596252,3.3635294437408447,11.179535865783691,0.8870000243186951,2.400000095367432,t,2.0,1447.0,5.269999980926514,0.3059999942779541,1.9570189679318403e+17,19.53820037841797,18.92250061035156,18.380300521850582,18.22719955444336,6.0
ZTF25aawvrxo,37,6115,60849.279872700106,60877.2182407002,False,False,30,,,,,60849.279872700106,60877.2182407002,27.93836800009012,273.455492241697,56.43956438328926,0.0243292982973097,0.0134496314508153,SN,stamp_classifier,0.9173588,27.5.6,SN,3.095279874515015e+18,F:\ZTF_Adjusted_Dataset\stamps_original\SN\ZTF25aawvrxo,,2.0,r,20.15100860595703,0.17200368642807,0.0158332996070384,0.5,0.9987499713897704,2.2347540855407715,13.047948837280272,15.07076930999756,0.8370000123977661,3.180000066757202,t,1.0,6065.0,5.960000038146973,0.5040000081062317,1.7572273454370845e+17,19.17090034484864,18.77280044555664,18.2731990814209,17.792699813842773,8.0
ZTF25abclksp,3,2336,60872.238495400175,60877.31799770007,True,False,3,,,,,60872.238495400175,60877.31799770007,5.079502299893647,320.06436271244064,18.14503889611832,0.0425455747461162,0.0404298347116235,SN,stamp_classifier,0.9042886,27.5.6,SN,3.123281031715015e+18,F:\ZTF_Adjusted_Dataset\stamps_original\SN\ZTF25abclksp,,1.0,g,19.984525680541992,0.1367926001548767,0.0126250004395842,0.5,0.5,0.2621186077594757,1.5254000425338743,5.441173076629639,0.8009999990463257,2.109999895095825,t,2.0,2335.0,4.316999912261963,0.4819999933242798,1.297732006440246e+17,19.13660049438477,18.41110038757324,17.726499557495117,17.433399200439453,13.0
ZTF25ablgkgi,87,1913,60910.42123840004,60988.29839120014,True,False,40,,,,,60910.42123840004,60988.29839120014,77.87715280009434,21.30437356219088,1.9845720526410304,0.012035153139737,0.0120279343624564,SN,stamp_classifier,0.91145974,27.5.7a32.dev1,SN,3.156445700115015e+18,F:\ZTF_Adjusted_Dataset\stamps_original\SN\ZTF25ablgkgi,,2.0,r,19.49421119689941,0.0987385883927345,0.0358332991600036,0.5,0.5,0.169857919216156,2.400017738342285,3.206038236618042,0.977999985218048,1.158472776412964,t,2.0,1759.0,5.186999797821045,0.3179999887943268,1.1038021304437182e+17,18.6658992767334,18.45170021057129,18.025400161743164,18.145999908447266,7.0
ZTF17aacqrjf,61,5571,58045.52828700002,61107.256169000175,True,False,41,,,,,58425.49766199989,61107.256169000175,2681.7585070002824,147.45330625106573,29.81110559526509,0.0127807219974173,0.0110894373658581,VS,stamp_classifier,0.95082694,27.5.7a32.dev1,VS,6.80538296115015e+17,F:\ZTF_Adjusted_Dataset\stamps_original\VS\ZTF17aacqrjf,,1.0,g,16.35664939880371,0.128711923956871,0.9560419917106628,0.5,0.5,0.2721761167049408,1.1174052953720093,13.938940048217772,0.9959999918937684,1.9651901721954343,t,8.0,273.0,0.4350000023841858,0.0199999995529651,1.4377147453377395e+17,12.666000366210938,12.368000030517578,12.265000343322754,12.236000061035156,5.0
ZTF17aaczddm,516,4766,58042.4503008998,60643.294930600096,True,False,155,3.163652,2.042889,1.6289791,1.4252988,58427.4426851999,60157.485740699805,1730.043055499904,79.69527101483871,29.63853125870968,0.0001556198831293,0.0001242829343254,VS,stamp_classifier,0.9484632,1.2.0,VS,6.8844846611501e+17,F:\ZTF_Adjusted_Dataset\stamps_original\VS\ZTF17aaczddm,,2.0,r,15.304676055908203,0.0273415055125951,0.9725000262260436,0.215160995721817,0.3967230021953583,0.2736839056015014,14.978309631347656,21.626150131225582,0.996999979019165,1.3022024631500244,f,16.0,742.0,1.3730000257492063,0.0040000001899898,1.43560796952557e+17,14.838700294494627,13.3100004196167,12.625,12.151000022888184,11.0
ZTF17aadbpuu,32,4075,58041.50249999994,60528.49593750015,True,False,4,,,,,58435.386979199946,60528.49593750015,2093.108958300203,93.74022449999784,22.65489545000004,0.0651293535054911,0.0601040768154983,VS,stamp_classifier,0.9510469,24.5.2a6,VS,6.81386975715015e+17,F:\ZTF_Adjusted_Dataset\stamps_original\VS\ZTF17aadbpuu,,2.0,r,15.694598197937012,0.0538585036993026,1.0,0.9433330297470092,0.0054166698828339,0.9313400983810424,8.536036491394043,14.800827980041504,0.9950000047683716,2.155250072479248,t,1.0,131.0,0.8659999966621399,-0.0340000018477439,1.3518093740300638e+17,12.652000427246094,12.62600040435791,12.666000366210938,12.69200038909912,14.0
ZTF17aadhzfb,29,5378,58041.46184029989,61066.22376159998,True,False,12,,,,,58439.29641199997,61066.22376159998,2626.9273496000096,106.02321628916756,33.41996333646321,0.0252549430098603,0.0210791893703527,VS,stamp_classifier,0.95348215,27.5.7a32.dev1,VS,6.852964135150102e+17,F:\ZTF_Adjusted_Dataset\stamps_original\VS\ZTF17aadhzfb,,2.0,r,14.639732360839844,0.0536656454205513,0.9987499713897704,0.5,0.0017500000540167,0.0944076105952262,16.552366256713867,18.49848747253418,0.9940000176429749,2.3299999237060547,f,7.0,238.0,0.9639999866485596,-0.0379999987781047,1.481010602328446e+17,13.854000091552734,13.437000274658203,13.45400047302246,13.302200317382812,8.0
ZTF17aadkqgc,28,4832,58041.463981499895,61121.14399310015,True,False,10,,,,,58856.322743100114,61121.14399310015,2264.8212500000373,105.76317152908489,31.79477084634262,0.0287141969364949,0.0244053670320826,VS,stamp_classifier,0.964265,27.5.7a32.dev1,VS,1.129192143015015e+18,F:\ZTF_Adjusted_Dataset\stamps_original\VS\ZTF17aadkqgc,,2.0,r,14.984134674072266,0.0605154447257518,0.8756250143051147,0.391167014837265,0.6411700248718262,0.7735628485679626,5.667325496673584,15.106440544128418,0.996999979019165,1.4326761960983276,t,13.0,1670.0,4.210000038146973,0.0049999998882412,1.4615105763349437e+17,13.154000282287598,12.82900047302246,12.663000106811523,12.519000053405762,10.0
ZTF17aadkrvl,27,5050,58041.463981499895,61066.22376159998,True,False,7,1.714938,0.994794,0.5175256,0.70077807,58602.20377309993,61066.22376159998,2464.0199885000475,105.94423886651198,35.45683160583197,0.0375812163261918,0.0306118847917051,VS,stamp_classifier,0.9618521,27.5.7a32.dev1,VS,8.4820377511501e+17,F:\ZTF_Adjusted_Dataset\stamps_original\VS\ZTF17aadkrvl,,1.0,g,14.96805191040039,0.1482295244932174,0.975832998752594,0.9966670274734496,0.9918749928474426,0.3678658902645111,18.11971664428711,20.54103660583496,0.9100000262260436,1.384476900100708,f,5.0,459.0,0.8920000195503235,-0.0289999991655349,1.5054105944218886e+17,13.123000144958496,12.746000289916992,12.600000381469728,12.541000366210938,6.0
ZTF17aadpvmy,14,3393,58041.50626160018,59496.48800930008,True,True,3,2.618755,0.2506084,2.1823046,-0.005566599,58798.33355320012,59496.48800930008,698.154456099961,102.47404546666668,29.6886407,6.951491446812876e-05,0.0001223582036487,VS,stamp_classifier,0.9524168,correction_1.0.6,VS,1.0443335506150102e+18,F:\ZTF_Adjusted_Dataset\stamps_original\VS\ZTF17aadpvmy,,2.0,r,14.97896671295166,0.0289733037352561,0.5,0.2552079856395721,1.0,0.4422302544116974,8.949363708496094,15.846953392028809,0.99099999666214,1.1933823823928833,f,8.0,913.0,0.9739999771118164,-0.0130000002682209,1.436210247409869e+17,13.847100257873535,13.482000350952148,13.314000129699709,13.25409984588623,12.0
ZTF17aadpvpk,29,5035,58041.50626160018,60625.34234949993,True,False,11,,,,,58427.36395830009,60625.34234949993,2197.9783911998384,102.11472075022374,29.67212369985657,0.0239529336306143,0.0208120436381397,VS,stamp_classifier,0.94703555,25.0.0,VS,6.804534061150152e+17,F:\ZTF_Adjusted_Dataset\stamps_original\VS\ZTF17aadpvpk,,2.0,r,17.0535945892334,0.0746276825666427,0.994583010673523,0.985265016555786,0.2203209996223449,0.3100388646125793,8.819686889648438,13.124420166015623,0.9829999804496764,2.001017808914185,t,10.0,305.0,1.1039999723434448,-0.0219999998807907,1.4360102114701725e+17,14.458100318908691,13.789400100708008,13.477100372314451,13.347399711608888,9.0
ZTF18aacleyk,70,8947,58132.387858800124,60980.48474540003,True,True,15,,,,,58427.39052079991,60980.48474540003,2553.0942246001214,124.5744078815178,44.0111951436631,0.0240095043134973,0.0172677324401283,VS,stamp_classifier,0.9455523,27.5.7a32.dev1,VS,6.80430135315015e+17,F:\ZTF_Adjusted_Dataset\stamps_original\VS\ZTF18aacleyk,,1.0,g,17.565505981445312,0.187369018793106,0.998332977294922,0.5,0.0129166999831795,1.4230607748031616,15.763075828552246,16.039426803588867,0.949999988079071,1.9835829734802248,t,4.0,280.0,1.0219999551773071,-0.0280000008642673,1.6081124574468403e+17,14.19379997253418,13.63290023803711,13.456000328063965,13.284500122070312,4.0
ZTF18aaheofw,40,5073,58214.178368099965,61116.28567129979,True,False,15,,,,,58435.51753470022,61116.28567129979,2680.768136599567,122.66613792085624,22.59305498518767,0.0206016912402181,0.0190206512066627,VS,stamp_classifier,0.9464605,27.5.7a32.dev1,VS,6.815175307150154e+17,F:\ZTF_Adjusted_Dataset\stamps_original\VS\ZTF18aaheofw,,2.0,r,16.195632934570312,0.0346005260944366,0.9900000095367432,0.4399580061435699,-999.0,1.169670581817627,26.85664176940918,-999.0,0.9900000095367432,2.4326305389404297,t,2.0,189.0,0.930999994277954,-0.003000000026077,1.3511122666133229e+17,13.954700469970703,13.524900436401367,13.458000183105469,13.232600212097168,2.0
ZTF18aajyehq,49,4900,58104.2926852,60671.28118060017,True,False,15,,,,,58742.515393500216,60671.28118060017,1928.7657870999533,114.08993146807344,33.50441616489091,0.0228108233985868,0.0190206512066627,VS,stamp_classifier,0.9546164,26.0.1,VS,9.8851539461501e+17,F:\ZTF_Adjusted_Dataset\stamps_original\VS\ZTF18aajyehq,,1.0,g,16.283859252929688,0.108754463493824,1.0,0.997708022594452,0.0085833296179771,0.6344175934791565,15.585394859313965,17.117515563964844,0.996999979019165,1.219556212425232,f,9.0,615.0,0.5450000166893005,0.006000000052154,1.4820114089991594e+17,13.901900291442873,13.56980037689209,13.461000442504885,13.45139980316162,11.0
ZTF18aayggus,20,3256,58230.5,60158.25,True,False,2,,,,,58275.33679400012,60158.23398149992,1882.897187499795,255.6906401,23.21581915,0.0001117228714267,9.623723292119666e-05,VS,stamp_classifier,0.9472086,1.2.0,VS,5.2133679111501005e+17,F:\ZTF_Adjusted_Dataset\stamps_original\VS\ZTF18aayggus,,2.0,r,16.914905548095703,0.0239422898739576,0.996042013168335,0.5,0.7380059957504272,0.6965361833572388,11.38137149810791,12.044270515441896,0.996999979019165,1.6022733449935913,f,3.0,200.0,1.8730000257492063,-0.0890000015497207,1.3585255690736963e+17,14.494400024414062,14.177499771118164,14.07610034942627,14.06190013885498,5.0
ZTF18abjoajh,40,5801,58208.358067099936,61116.38769679982,True,False,15,,,,,58324.255115699954,61116.38769679982,2792.132581099868,211.5378468297718,8.233218286943035,0.0177089596741947,0.0175264395070142,VS,stamp_classifier,0.9477114,27.5.7a32.dev1,VS,5.702551114150104e+17,F:\ZTF_Adjusted_Dataset\stamps_original\VS\ZTF18abjoajh,,1.0,g,14.341919898986816,0.0262725073844194,0.5,0.0041666701436042,0.0018749999580904,0.5656886100769043,16.393722534179688,22.14397430419922,0.996999979019165,1.7053799629211426,f,1.0,23.0,0.3059999942779541,0.0140000004321336,1.1788211537670051e+17,12.734000205993652,12.277000427246094,12.144000053405762,12.109000205993652,5.0
ZTF18aclczeh,93,3732,58363.48182869982,61134.27707180008,True,True,6,,,,,58435.380613400135,61134.27707180008,2698.896458399948,106.45486983336258,22.01191095,0.0374294915162138,0.0347011050544307,VS,stamp_classifier,0.94679517,27.5.7a32.dev1,VS,7.10294316115015e+17,F:\ZTF_Adjusted_Dataset\stamps_original\VS\ZTF18aclczeh,,2.0,r,15.255640029907228,0.0296353287994861,0.9285420179367064,0.6025180220603943,0.1950120031833648,0.6333306431770325,1.2411959171295166,13.018121719360352,0.996999979019165,1.931151270866394,t,4.0,142.0,3.7179999351501465,0.1289999932050705,1.3441106455113488e+17,12.260000228881836,11.611000061035156,11.366000175476074,11.246000289916992,12.0
ZTF18aclreuw,72,5784,58101.27642360004,61121.141145799775,True,True,35,,,,,58435.51802079985,61121.141145799775,2685.623124999925,120.19058893595869,15.208020250342411,0.0121278379803193,0.0117031182228766,VS,stamp_classifier,0.9469199,27.5.7a32.dev1,VS,6.815180257150154e+17,F:\ZTF_Adjusted_Dataset\stamps_original\VS\ZTF18aclreuw,,2.0,r,17.12127685546875,0.1219175532460212,0.9933329820632936,0.0,0.5,0.388405829668045,11.579243659973145,13.168328285217283,0.9819999933242798,2.299999952316284,t,1.0,134.0,1.008999943733215,-0.025000000372529,1.262512019055702e+17,14.846400260925291,14.378100395202637,14.219799995422363,14.164899826049805,7.0
ZTF18aclrewr,64,5793,58101.27642360004,61116.19108799985,True,True,37,,,,,58435.51802079985,61116.19108799985,2680.6730671999976,120.17316299676784,15.210843027628748,0.0116793966045182,0.0112702303910805,VS,stamp_classifier,0.9474342,27.5.7a32.dev1,VS,6.815180257150154e+17,F:\ZTF_Adjusted_Dataset\stamps_original\VS\ZTF18aclrewr,,2.0,r,17.282276153564453,0.1219175532460212,0.9941669702529908,0.9962499737739564,0.0599285997450351,0.402874618768692,12.75845432281494,15.880905151367188,0.9390000104904176,2.2652599811553955,t,1.0,134.0,0.3680000007152557,0.0179999992251396,1.2625120173167354e+17,15.006099700927734,14.578100204467772,14.41469955444336,14.360199928283691,5.0
ZTF18adizbab,20,3260,58230.27450230019,61013.48252309999,True,False,1,,,,,61013.48252309999,61013.48252309999,0.0,217.5199614,41.5817854,0.1136349812150001,0.0850000008940696,VS,stamp_classifier,0.94938123,27.5.7a32.dev1,VS,3.2594825240150103e+18,F:\ZTF_Adjusted_Dataset\stamps_original\VS\ZTF18adizbab,,2.0,r,14.907328605651855,0.024169823154807,0.998332977294922,0.5,0.0058333300985395,0.7277544140815735,1.3354066610336304,16.479013442993164,0.9959999918937684,2.7956252098083496,f,20.0,3260.0,0.5920000076293945,0.0450000017881393,1.5789217520184864e+17,13.33899974822998,13.18000030517578,13.022000312805176,12.944000244140623,7.0
ZTF18adkdphn,20,3405,58217.32427080022,61049.54197920021,True,False,1,,,,,61049.54197920021,61049.54197920021,0.0,214.9005042,48.800817900000006,0.1290462166070938,0.0850000008940696,VS,stamp_classifier,0.94649357,27.5.7a32.dev1,VS,3.295541973715015e+18,F:\ZTF_Adjusted_Dataset\stamps_original\VS\ZTF18adkdphn,,2.0,r,14.715596199035645,0.0345615856349468,1.0,0.5,0.5,0.4011495411396026,2.9099717140197754,3.89543342590332,0.9959999918937684,2.614086627960205,t,20.0,3405.0,0.125,-0.0109999999403953,1.6656214900583155e+17,13.362000465393066,12.967000007629396,12.81700038909912,12.755000114440918,12.0
ZTF19aamkerz,1513,2930,58095.53962960001,61016.40589120006,True,True,12,,,,,58776.51209490001,61016.40589120006,2239.89379630005,177.25848980297786,49.193287900619325,0.0322553791668709,0.0210791893703527,VS,stamp_classifier,0.94583416,27.5.7a32.dev1,VS,1.079447873715015e+18,F:\ZTF_Adjusted_Dataset\stamps_original\VS\ZTF19aamkerz,,2.0,r,16.442401885986328,0.0838343054056167,0.9941669702529908,0.5,0.5,0.774669349193573,4.936018943786621,17.96314239501953,0.9890000224113464,1.653675556182861,t,336.0,519.0,0.4210000038146972,-0.0089999996125698,1.6703177258517258e+17,14.10890007019043,13.891599655151367,13.73639965057373,13.575400352478027,4.0
ZTF19acfsilo,16,3474,58208.3589931,60632.55879630009,True,True,6,,,,,59206.5143749998,60632.55879630009,1426.044421300292,218.4853174187884,9.09941094489344,0.0316019293884886,0.0312042324829281,VS,stamp_classifier,0.94864845,25.0.0,VS,1.471498551315015e+18,F:\ZTF_Adjusted_Dataset\stamps_original\VS\ZTF19acfsilo,,1.0,g,16.267253875732422,0.105315163731575,1.0,0.9918749928474426,0.0039285700768232,0.8119388818740845,18.71515655517578,21.28559875488281,0.8159999847412109,2.8554165363311768,t,9.0,960.0,0.5929999947547913,0.0120000001043081,1.189121848515399e+17,13.663900375366213,13.05519962310791,13.683799743652344,12.227499961853027,6.0
ZTF19adluefl,29,4113,58267.31635419978,61121.38129629986,True,False,10,,,,,60383.434780099895,61121.38129629986,737.9465161999688,218.57040289753715,10.29107628587908,0.0057480855305739,0.0056556152379999,VS,stamp_classifier,0.94573534,27.5.7a32.dev1,VS,2.6294347830150103e+18,F:\ZTF_Adjusted_Dataset\stamps_original\VS\ZTF19adluefl,,2.0,r,14.619669914245604,0.0841826349496841,0.9895830154418944,0.5,0.5,0.6800180673599243,2.6315174102783203,3.727203130722046,0.9940000176429749,1.8104645013809204,f,19.0,2940.0,0.4729999899864197,-0.0460000000894069,1.2034218570496974e+17,13.280500411987305,13.187000274658203,12.937000274658203,12.79800033569336,10.0
ZTF20aaeggcd,19,3091,58095.43938660016,61081.430381900165,True,False,1,,,,,61081.430381900165,61081.430381900165,0.0,123.322593,1.0056164,0.0650100111961364,0.0649999976158142,VS,stamp_classifier,0.9490522,27.5.7a32.dev1,VS,3.32743038111501e+18,F:\ZTF_Adjusted_Dataset\stamps_original\VS\ZTF20aaeggcd,,1.0,g,15.435333251953123,0.0568174645304679,0.984583020210266,0.0016666699666529,0.0020000000949949,1.014021396636963,11.744792938232422,28.069934844970703,0.9959999918937684,1.6527204513549805,f,19.0,3091.0,0.1519999951124191,-0.0070000002160668,1.0920123322804704e+17,13.390000343322754,13.015000343322754,12.869000434875488,12.809000015258787,5.0
ZTF20abhuufo,33,4335,58457.54968750011,60295.55197919998,True,False,15,,,,,58543.45989579987,60397.43179399986,1853.9718981999904,223.2180998999229,8.060802600007545,0.0607038410355164,0.0601040756189135,VS,stamp_classifier,0.9480173,corr_bulk_0.0.1,VS,1.271188980715015e+18,F:\ZTF_Adjusted_Dataset\stamps_original\VS\ZTF20abhuufo,,2.0,r,16.34610366821289,0.1424129605293274,0.9975000023841858,0.0012499999720603,0.0012499999720603,2.244147062301636,20.7369327545166,21.373268127441406,0.9810000061988832,4.670000076293945,t,2.0,388.0,0.7940000295639038,0.0109999999403953,1.176722321817037e+17,13.42360019683838,12.826000213623049,12.564000129699709,12.437000274658203,6.0
ZTF22aagonty,26,3871,58214.36679399992,60639.54856480006,True,True,3,,,,,60165.205196800176,60639.54856480006,474.3433679998852,219.6855211666725,20.6050296,0.0524287095888536,0.0490747733973095,VS,stamp_classifier,0.94726485,25.0.0,VS,2.411205194515015e+18,F:\ZTF_Adjusted_Dataset\stamps_original\VS\ZTF22aagonty,,2.0,r,15.037331581115724,0.0513349287211895,0.981124997138977,0.5,0.160862997174263,1.1438442468643188,7.363972663879394,18.5446720123291,0.9829999804496764,1.1625542640686035,t,18.0,3041.0,0.7070000171661377,-0.032999999821186,1.3272219685214656e+17,13.907600402832031,13.100000381469728,12.800000190734863,12.640000343322754,8.0
ZTF24aajnjnb,43,3883,58435.52121530008,61113.27430560021,True,False,2,,,,,61077.295567099936,61113.27430560021,35.97873850027099,124.98774543139947,-2.304654949146677,0.0099395454441905,0.0099315058256989,VS,stamp_classifier,0.95427775,27.5.7a32.dev1,VS,3.323295563515015e+18,F:\ZTF_Adjusted_Dataset\stamps_original\VS\ZTF24aajnjnb,,2.0,r,13.297901153564451,0.0255085974931716,1.0,0.190417006611824,0.0110416999086737,0.1047853678464889,8.965373992919922,18.248815536499023,1.0,1.2451798915863037,t,43.0,3583.0,0.597000002861023,0.0130000002682209,1.0523124987682477e+17,13.718099594116213,12.71500015258789,12.194000244140623,11.861000061035156,5.0
ZTF24abnpbxc,23,3753,58221.25549770007,60728.40072919987,False,False,2,,,,,60602.53990740003,60728.40072919987,125.86082179984078,183.18332283340808,15.073316641703071,0.0534730599985353,0.0516332581488631,VS,stamp_classifier,0.94673425,26.0.1,VS,2.84853990481501e+18,F:\ZTF_Adjusted_Dataset\stamps_original\VS\ZTF24abnpbxc,,2.0,r,15.46184253692627,0.0565087981522083,1.0,0.7769169807434082,0.5,1.7741961479187012,3.783641815185547,8.886451721191406,0.9800000190734864,2.759815216064453,f,13.0,3475.0,0.5699999928474426,0.0469999983906745,1.2608183183555902e+17,13.0600004196167,12.670000076293944,12.564000129699709,12.550000190734863,8.0
ZTF25aaaqfob,25,2896,58512.297870399896,61066.41342590004,True,False,1,,,,,61066.41342590004,61066.41342590004,0.0,160.6281634,-13.421458,0.0873866155743599,0.0850000008940696,VS,stamp_classifier,0.9509038,27.5.7a32.dev1,VS,3.31241342611501e+18,F:\ZTF_Adjusted_Dataset\stamps_original\VS\ZTF25aaaqfob,,2.0,r,14.69053077697754,0.0965520814061164,1.0,0.9864580035209656,0.3371250033378601,0.4901123344898224,0.7767737507820129,15.79457187652588,0.8230000138282776,1.4739595651626587,f,25.0,2896.0,0.4769999980926513,0.0010000000474974,9.189160628073432e+16,13.281100273132324,-999.0,-999.0,14.88010025024414,10.0
ZTF25aaasrkd,20,4930,58440.48468750017,60680.38906250009,True,False,2,,,,,60659.50776620023,60680.38906250009,20.881296299863607,192.3382036498056,24.3092092,0.065951528161256,0.0601040770330592,VS,stamp_classifier,0.94609445,26.0.1,VS,2.92638906191501e+18,F:\ZTF_Adjusted_Dataset\stamps_original\VS\ZTF25aaasrkd,,2.0,r,14.876091957092283,0.0662650540471077,1.0,0.8532379865646362,0.5,1.8527101278305047,5.708405017852783,12.088969230651855,0.9819999933242798,2.650674343109131,f,20.0,4930.0,0.6349999904632568,0.0240000002086162,1.371719233858916e+17,13.159000396728516,12.722000122070312,12.538000106811523,12.446000099182127,7.0
ZTF25acfwgpr,41,8706,58121.50818290003,61013.482997700106,True,False,1,,,,,61013.482997700106,61013.482997700106,0.0,213.9694863,37.0606863,0.1065166071057319,0.0850000008940696,VS,stamp_classifier,0.94925135,27.5.7a32.dev1,VS,3.25948299031501e+18,F:\ZTF_Adjusted_Dataset\stamps_original\VS\ZTF25acfwgpr,,2.0,r,14.579252243041992,0.0280108172446489,1.0,0.6335600018501282,0.0074999998323619,1.3302009105682373,10.06458568572998,11.089581489562988,0.996999979019165,2.84877347946167,f,41.0,8706.0,0.6230000257492065,0.0379999987781047,1.524721397001334e+17,13.059000015258787,12.743000030517578,12.63700008392334,12.607000350952148,7.0
ZTF25acgflqm,20,5543,58121.50818290003,61016.50954859983,True,False,1,,,,,61016.50954859983,61016.50954859983,0.0,207.9849706,30.273679,0.0984220951795578,0.0850000008940696,VS,stamp_classifier,0.94882077,27.5.7a32.dev1,VS,3.2625095414150103e+18,F:\ZTF_Adjusted_Dataset\stamps_original\VS\ZTF25acgflqm,,2.0,r,14.809127807617188,0.0400588661432266,0.9981250166893004,0.5,0.0018749999580904,1.2726346254348757,7.862942218780518,18.55952835083008,0.9959999918937684,2.568387746810913,f,20.0,5543.0,1.0,-0.0130000002682209,1.4432207984670886e+17,13.773900032043455,13.145000457763672,12.824000358581545,12.64900016784668,7.0
ZTF26aapmzsf,1,1370,61124.18373840023,61124.18373840023,False,False,1,,,,,61124.18373840023,61124.18373840023,0.0,159.9193178,-11.9210665,0.0868735909461975,0.0850000008940696,asteroid,stamp_classifier,1.0,27.5.7a32.dev1,asteroid,3.3701837308150154e+18,F:\ZTF_Adjusted_Dataset\stamps_original\asteroid\ZTF26aapmzsf,,2.0,r,19.390539169311523,0.1125302612781524,0.1008990034461021,0.0,0.0006249999860301,7.800694942474365,17.876232147216797,23.94932746887207,0.9819999933242798,2.009999990463257,t,1.0,1370.0,0.9070000052452089,-0.221000000834465,9.369159918398272e+16,22.246299743652344,21.839399337768555,21.42709922790528,-999.0,5.0
ZTF26aapmzui,1,1488,61124.18232640019,61124.18232640019,False,False,1,,,,,61124.18232640019,61124.18232640019,0.0,166.5475026,3.2058458,0.0851332247257232,0.0850000008940696,asteroid,stamp_classifier,1.0,27.5.7a32.dev1,asteroid,3.370182322315015e+18,F:\ZTF_Adjusted_Dataset\stamps_original\asteroid\ZTF26aapmzui,,2.0,r,17.800247192382812,0.0441442467272281,0.9862080216407776,0.0012499999720603,0.7328929901123047,10.13852882385254,19.81076431274414,21.699472427368164,0.9829999804496764,1.840000033378601,t,1.0,1488.0,1.008999943733215,-0.0719999969005584,1.118416654947499e+17,21.03870010375977,20.556299209594727,20.349899291992188,20.35969924926757,4.0
ZTF26aapmzum,1,1488,61124.18232640019,61124.18232640019,False,False,1,,,,,61124.18232640019,61124.18232640019,0.0,166.1297527,3.3254201,0.0851433649659156,0.0850000008940696,asteroid,stamp_classifier,1.0,27.5.7a32.dev1,asteroid,3.370182322315015e+18,F:\ZTF_Adjusted_Dataset\stamps_original\asteroid\ZTF26aapmzum,,2.0,r,18.55624771118164,0.0678513422608375,0.0012499999720603,0.0,0.0,14.803558349609377,17.526430130004883,24.99722671508789,0.9829999804496764,1.9900000095367432,t,1.0,1488.0,0.8349999785423279,-0.2680000066757202,1.1198166130197598e+17,-999.0,21.74020004272461,21.077699661254883,20.93370056152344,3.0
ZTF26aapmzwk,1,1550,61124.18091440015,61124.18091440015,False,False,1,,,,,61124.18091440015,61124.18091440015,0.0,167.0768012,11.0803001,0.0866146013140678,0.0850000008940696,asteroid,stamp_classifier,1.0,27.5.7a32.dev1,asteroid,3.370180911715015e+18,F:\ZTF_Adjusted_Dataset\stamps_original\asteroid\ZTF26aapmzwk,,2.0,r,19.48527908325196,0.1202218532562255,0.052250001579523,0.032958298921585,0.5,7.520506858825684,14.043338775634766,14.08250904083252,0.9819999933242798,1.919999957084656,t,1.0,1550.0,0.6019999980926514,-0.2140000015497207,1.2129167078503555e+17,-999.0,-999.0,21.749399185180664,21.24530029296875,6.0
ZTF26aapmzwr,1,1572,61124.18091440015,61124.18091440015,False,False,1,,,,,61124.18091440015,61124.18091440015,0.0,167.5856873,10.846952,0.0865462943911552,0.0850000008940696,asteroid,stamp_classifier,1.0,27.5.7a32.dev1,asteroid,3.370180911715015e+18,F:\ZTF_Adjusted_Dataset\stamps_original\asteroid\ZTF26aapmzwr,,2.0,r,20.25927925109864,0.206852301955223,0.0871250033378601,0.0129166999831795,-999.0,14.004074096679688,17.466386795043945,-999.0,0.8840000033378601,1.1280903816223145,t,1.0,1572.0,1.2660000324249268,-0.1589999943971634,1.2101167589647645e+17,-999.0,21.73139953613281,21.53689956665039,21.268299102783203,2.0
ZTF26aapmzzt,1,1410,61124.18280090019,61124.18280090019,False,False,1,,,,,61124.18280090019,61124.18280090019,0.0,164.9159891,-3.6869854,0.085176296532154,0.0850000008940696,asteroid,stamp_classifier,1.0,27.5.7a32.dev1,asteroid,3.370182802315015e+18,F:\ZTF_Adjusted_Dataset\stamps_original\asteroid\ZTF26aapmzzt,,2.0,r,19.784563064575195,0.1512227654457092,0.9972500205039978,0.8156669735908508,0.5,6.304224014282227,27.10204315185547,27.762920379638672,0.977999985218048,2.640000104904175,t,1.0,1410.0,1.7170000076293943,-0.06700000166893,1.0357164914466504e+17,19.60009956359864,19.323400497436523,19.22369956970215,19.205699920654297,3.0
ZTF26aapmzzx,1,930,61124.183263900224,61124.183263900224,False,False,1,,,,,61124.183263900224,61124.183263900224,0.0,164.6542354,-10.8718235,0.0865534991025924,0.0850000008940696,asteroid,stamp_classifier,1.0,27.5.7a32.dev1,asteroid,3.3701832630150154e+18,F:\ZTF_Adjusted_Dataset\stamps_original\asteroid\ZTF26aapmzzx,,2.0,r,19.847715377807617,0.1986951231956482,0.5,-999.0,-999.0,18.807205200195312,-999.0,-999.0,0.9950000047683716,2.3399999141693115,t,1.0,930.0,0.7440000176429749,-0.3440000116825104,9.494164652383832e+16,21.68510055541992,20.52470016479492,-999.0,-999.0,1.0
ZTF26aapnacu,1,2388,61124.18609949993,61124.18609949993,False,False,1,,,,,61124.18609949993,61124.18609949993,0.0,141.0729238,-0.3599286,0.0850016772747039,0.0850000008940696,asteroid,stamp_classifier,1.0,27.5.7a32.dev1,asteroid,3.3701860958150154e+18,F:\ZTF_Adjusted_Dataset\stamps_original\asteroid\ZTF26aapnacu,,2.0,r,18.191314697265625,0.0523767992854118,0.4043329954147339,0.0037499999161809,0.0012499999720603,12.355152130126951,16.380897521972656,24.70583724975586,0.984000027179718,1.9600000381469729,t,1.0,2388.0,0.8180000185966492,-0.375,1.0756141075872626e+17,-999.0,-999.0,21.54159927368164,-999.0,4.0
ZTF26aapnadi,1,1361,61124.18280090019,61124.18280090019,False,False,1,,,,,61124.18280090019,61124.18280090019,0.0,161.52497170000004,-4.4003517,0.0852512940764427,0.0850000008940696,asteroid,stamp_classifier,1.0,27.5.7a32.dev1,asteroid,3.370182803115015e+18,F:\ZTF_Adjusted_Dataset\stamps_original\asteroid\ZTF26aapnadi,,2.0,r,19.796152114868164,0.1913036853075027,1.0,0.9224169850349426,0.022291699424386,18.79975318908692,19.53989219665528,25.997562408447266,0.9729999899864196,3.059999942779541,t,1.0,1361.0,1.4559999704360962,-0.238999992609024,1.0271161524283378e+17,20.83449935913086,19.82439994812012,19.38549995422364,19.15439987182617,4.0
ZTF26aapnagg,1,1444,61124.18280090019,61124.18280090019,False,False,1,,,,,61124.18280090019,61124.18280090019,0.0,165.501704,-3.0793349,0.0851229056715965,0.0850000008940696,asteroid,stamp_classifier,1.0,27.5.7a32.dev1,asteroid,3.3701828020150154e+18,F:\ZTF_Adjusted_Dataset\stamps_original\asteroid\ZTF26aapnagg,,2.0,r,17.307586669921875,0.0346637479960918,-999.0,-999.0,-999.0,-999.0,-999.0,-999.0,0.984000027179718,2.130000114440918,t,1.0,1444.0,0.5299999713897705,-0.0419999994337558,-999.0,-999.0,-999.0,-999.0,-999.0,0.0
ZTF26aapnajs,1,1109,61124.18185190018,61124.18185190018,False,False,1,,,,,61124.18185190018,61124.18185190018,0.0,172.4341526,-3.9579764,0.0852032154798507,0.0850000008940696,asteroid,stamp_classifier,1.0,27.5.7a32.dev1,asteroid,3.370181852315015e+18,F:\ZTF_Adjusted_Dataset\stamps_original\asteroid\ZTF26aapnajs,,2.0,r,19.14647674560547,0.0884924456477165,0.0209167003631591,0.1771759986877441,0.9853330254554749,8.963888168334961,12.071248054504396,12.751330375671388,0.9819999933242798,2.190000057220459,t,1.0,1109.0,1.116000056266785,-0.0890000015497207,1.0324172435356832e+17,-999.0,21.80389976501465,21.35659980773925,20.95490074157715,7.0
ZTF26aapnalx,1,1418,61124.18232640019,61124.18232640019,False,False,1,,,,,61124.18232640019,61124.18232640019,0.0,166.2791717,4.3725721,0.085248127579689,0.0850000008940696,asteroid,stamp_classifier,1.0,27.5.7a32.dev1,asteroid,3.3701823220150154e+18,F:\ZTF_Adjusted_Dataset\stamps_original\asteroid\ZTF26aapnalx,,2.0,r,18.27949523925781,0.0669270828366279,0.5,0.0049999998882412,0.975624978542328,12.071141242980955,13.16823387145996,28.049272537231445,1.0,1.9800000190734863,t,1.0,1418.0,1.4049999713897705,0.1659999936819076,1.1324166280129376e+17,21.0984001159668,21.31579971313477,20.753400802612305,21.08970069885254,3.0
ZTF26aapnano,1,1563,61124.18232640019,61124.18232640019,False,False,1,,,,,61124.18232640019,61124.18232640019,0.0,167.9160028,3.6801356,0.0851756408810615,0.0850000008940696,asteroid,stamp_classifier,1.0,27.5.7a32.dev1,asteroid,3.3701823216150154e+18,F:\ZTF_Adjusted_Dataset\stamps_original\asteroid\ZTF26aapnano,,2.0,r,19.010522842407227,0.1220142319798469,0.6790419816970825,0.5993329882621765,-999.0,7.612666606903076,10.968005180358888,-999.0,1.0,2.809999942779541,t,1.0,1563.0,1.087000012397766,-0.3610000014305115,1.1241167914025566e+17,22.617000579833984,-999.0,21.667699813842773,21.01460075378418,2.0
ZTF26aapnanr,2,2761,61124.18137730006,61124.18232640019,False,False,2,,,,,61124.18137730006,61124.18232640019,0.000949100125581,168.43478535001952,3.9063088,0.0602440361802511,0.0601040770330592,asteroid,stamp_classifier,1.0,27.5.7a32.dev1,asteroid,3.3701823216150154e+18,F:\ZTF_Adjusted_Dataset\stamps_original\asteroid\ZTF26aapnanr,,2.0,r,19.942522048950195,0.1909163892269134,0.2733150124549866,0.1004109978675842,0.9041249752044678,8.712143898010254,25.89765930175781,29.8271427154541,0.962000012397766,1.8600000143051147,t,2.0,2761.0,1.2389999628067017,-0.3759999871253967,1.1268168432349917e+17,22.06010055541992,21.549699783325195,21.66939926147461,-999.0,3.0
ZTF26aapnany,1,2170,61124.18515049992,61124.18515049992,False,False,1,,,,,61124.18515049992,61124.18515049992,0.0,146.6074663,-0.0833947,0.0850000903010368,0.0850000008940696,asteroid,stamp_classifier,1.0,27.5.7a32.dev1,asteroid,3.3701851562150154e+18,F:\ZTF_Adjusted_Dataset\stamps_original\asteroid\ZTF26aapnany,,2.0,r,19.535261154174805,0.1484466046094894,0.0035416700411587,0.0016666699666529,0.5,8.350712776184082,11.592374801635742,27.00508689880371,0.9990000128746032,2.369999885559082,t,1.0,2170.0,1.0570000410079956,0.1129999980330467,1.0790146607235322e+17,-999.0,21.440900802612305,20.879199981689453,20.645299911499023,3.0
ZTF26aapnaqx,1,1917,61124.18043980002,61124.18043980002,False,False,1,,,,,61124.18043980002,61124.18043980002,0.0,160.4646466,17.8824065,0.0893149152398109,0.0850000008940696,asteroid,stamp_classifier,1.0,27.5.7a32.dev1,asteroid,3.370180432315015e+18,F:\ZTF_Adjusted_Dataset\stamps_original\asteroid\ZTF26aapnaqx,,2.0,r,19.86751365661621,0.1382058560848236,0.2237319946289062,0.0208452008664608,0.5,19.54387092590332,27.068449020385746,29.869626998901367,0.9769999980926514,1.7999999523162842,t,1.0,1917.0,0.5249999761581421,-0.0710000023245811,1.294516047002571e+17,-999.0,22.015199661254883,21.68199920654297,-999.0,3.0
ZTF26aapnarj,1,2239,61124.18609949993,61124.18609949993,False,False,1,,,,,61124.18609949993,61124.18609949993,0.0,141.1782882,-2.2315197,0.0850645080208778,0.0850000008940696,asteroid,stamp_classifier,1.0,27.5.7a32.dev1,asteroid,3.3701860942150154e+18,F:\ZTF_Adjusted_Dataset\stamps_original\asteroid\ZTF26aapnarj,,2.0,r,19.87509727478028,0.1466391682624817,0.9980000257492064,0.5,0.9952679872512816,8.458595275878906,9.816802024841309,11.84575653076172,0.977999985218048,2.240000009536743,t,1.0,2239.0,0.5320000052452087,-0.0130000002682209,1.0532141176463427e+17,19.256799697875977,18.71030044555664,18.48579978942871,18.407100677490234,4.0
ZTF26aargncn,1,1427,61135.393067100085,61135.393067100085,False,False,1,,,,,61135.393067100085,61135.393067100085,0.0,199.4249491,2.8405872,0.0851045697927475,0.0850000008940696,asteroid,stamp_classifier,1.0,27.5.7a32.dev1,asteroid,3.381393062215015e+18,F:\ZTF_Adjusted_Dataset\stamps_original\asteroid\ZTF26aargncn,,2.0,r,17.430797576904297,0.0385009497404098,1.0,0.0,0.0099999997764825,17.91385269165039,20.90186882019043,28.555089950561523,0.984000027179718,2.2300000190734863,t,1.0,1427.0,0.3490000069141388,0.0879999995231628,1.1140199429407658e+17,20.615800857543945,19.451000213623047,18.8656005859375,18.56369972229004,3.0
ZTF26aargnhq,1,1109,61135.395416699816,61135.395416699816,False,False,1,,,,,61135.395416699816,61135.395416699816,0.0,196.3033237,-11.9204052,0.0868733823299408,0.0850000008940696,asteroid,stamp_classifier,1.0,27.5.7a32.dev1,asteroid,3.381395410515015e+18,F:\ZTF_Adjusted_Dataset\stamps_original\asteroid\ZTF26aargnhq,,2.0,r,19.50885772705078,0.1914795488119125,0.0,0.9975000023841858,-999.0,11.40845775604248,28.812728881835938,-999.0,0.9729999899864196,2.539999961853028,t,1.0,1109.0,0.8090000152587891,-0.2759999930858612,9.369196305828835e+16,21.82349967956543,21.31040000915528,20.87700080871582,20.600000381469727,2.0
ZTF26aargnih,1,1104,61135.395416699816,61135.395416699816,False,False,1,,,,,61135.395416699816,61135.395416699816,0.0,195.3883299,-12.4717841,0.0870542675256729,0.0850000008940696,asteroid,stamp_classifier,1.0,27.5.7a32.dev1,asteroid,3.381395410815015e+18,F:\ZTF_Adjusted_Dataset\stamps_original\asteroid\ZTF26aargnih,,2.0,r,17.905195236206055,0.0659182891249656,0.993499994277954,0.9693750143051147,0.9798330068588256,12.061579704284668,12.418905258178713,14.603110313415527,0.9829999804496764,2.359999895095825,t,1.0,1104.0,1.037999987602234,-0.163000002503395,9.303195387444816e+16,22.16419982910156,21.5093994140625,20.67889976501465,20.20630073547364,4.0
ZTF26aargnjf,1,2023,61135.39494210016,61135.39494210016,False,False,1,,,,,61135.39494210016,61135.39494210016,0.0,206.1248985,-13.3280048,0.087352730333805,0.0850000008940696,asteroid,stamp_classifier,1.0,27.5.7a32.dev1,asteroid,3.381394940315015e+18,F:\ZTF_Adjusted_Dataset\stamps_original\asteroid\ZTF26aargnjf,,2.0,r,19.05563735961914,0.1815010905265808,0.5,0.0287082996219396,0.0149792004376649,6.473621368408203,6.604031562805176,16.421422958374023,0.9760000109672546,2.900000095367432,t,1.0,2023.0,1.0049999952316284,-0.1169999986886978,9.20020612659574e+16,20.685800552368164,19.99239921569824,19.36750030517578,19.72279930114746,8.0
ZTF26aargnli,1,1495,61135.39400460012,61135.39400460012,False,False,1,,,,,61135.39400460012,61135.39400460012,0.0,207.7092793,3.9925125,0.0852067843079567,0.0850000008940696,asteroid,stamp_classifier,1.0,27.5.7a32.dev1,asteroid,3.381394002015015e+18,F:\ZTF_Adjusted_Dataset\stamps_original\asteroid\ZTF26aargnli,,2.0,r,19.328758239746094,0.1726265996694564,0.0012499999720603,0.0,0.009375000372529,10.429781913757324,17.61345100402832,18.398303985595703,0.9819999933242798,2.200000047683716,t,1.0,1495.0,0.4079999923706054,0.0340000018477439,1.1279207706618304e+17,21.70120048522949,21.30780029296875,20.95859909057617,20.687299728393555,6.0
ZTF26aargnlz,1,1175,61135.39494210016,61135.39494210016,False,False,1,,,,,61135.39494210016,61135.39494210016,0.0,201.7798575,-13.1541875,0.0872903987765312,0.0850000008940696,asteroid,stamp_classifier,1.0,27.5.7a32.dev1,asteroid,3.381394941015015e+18,F:\ZTF_Adjusted_Dataset\stamps_original\asteroid\ZTF26aargnlz,,2.0,r,19.364904403686523,0.1773538142442703,0.0,0.991457998752594,0.0315475985407829,3.627316951751709,9.303430557250977,15.74635124206543,0.977999985218048,2.390000104904175,t,1.0,1175.0,1.0920000076293943,0.0719999969005584,9.221201779238622e+16,21.380699157714844,20.710399627685547,20.37820053100586,20.25550079345703,5.0
ZTF26aargnmy,1,1403,61135.39211810008,61135.39211810008,False,False,1,,,,,61135.39211810008,61135.39211810008,0.0,189.3355451,3.2374143,0.0851358696818351,0.0850000008940696,asteroid,stamp_classifier,1.0,27.5.7a32.dev1,asteroid,3.381392113015015e+18,F:\ZTF_Adjusted_Dataset\stamps_original\asteroid\ZTF26aargnmy,,2.0,r,19.416019439697266,0.1943204402923584,1.0,0.0,0.9962499737739564,2.057084321975708,19.159677505493164,26.2688217163086,0.9890000224113464,4.059999942779541,t,1.0,1403.0,0.9679999947547911,0.0299999993294477,1.1188189335709472e+17,20.82740020751953,19.55900001525879,18.44659996032715,17.940500259399414,3.0
ZTF26aargnnc,1,1503,61135.39400460012,61135.39400460012,False,False,1,,,,,61135.39400460012,61135.39400460012,0.0,206.1063994,3.8412648,0.0851913839578628,0.0850000008940696,asteroid,stamp_classifier,1.0,27.5.7a32.dev1,asteroid,3.381394002115015e+18,F:\ZTF_Adjusted_Dataset\stamps_original\asteroid\ZTF26aargnnc,,2.0,r,19.235441207885746,0.1526886224746704,0.9922500252723694,0.7668750286102295,0.0171725992113351,7.19681453704834,22.42208671569824,22.844268798828125,0.9819999933242798,2.0299999713897705,t,1.0,1503.0,1.6419999599456787,-0.1059999987483024,1.1260206104489997e+17,21.574499130249023,20.590700149536133,20.08329963684082,19.847700119018555,5.0
ZTF26aargnnf,1,1474,61135.39400460012,61135.39400460012,False,False,1,,,,,61135.39400460012,61135.39400460012,0.0,203.0628358,2.9805089,0.0851151347160339,0.0850000008940696,asteroid,stamp_classifier,1.0,27.5.7a32.dev1,asteroid,3.381394003015015e+18,F:\ZTF_Adjusted_Dataset\stamps_original\asteroid\ZTF26aargnnf,,2.0,r,19.50919914245605,0.1732784658670425,0.9950000047683716,0.925203025341034,0.0112500004470348,7.723639965057373,26.884998321533203,28.2845458984375,0.972000002861023,3.380000114440918,t,1.0,1474.0,1.4279999732971191,-0.1289999932050705,1.1157203060698678e+17,21.322799682617188,20.588499069213867,20.102399826049805,19.877099990844727,5.0
ZTF26aargnny,1,1100,61135.39589119982,61135.39589119982,False,False,1,,,,,61135.39589119982,61135.39589119982,0.0,193.3842309,-19.7087011,0.0902891978621482,0.0850000008940696,asteroid,stamp_classifier,1.0,27.5.7a32.dev1,asteroid,3.381395890415015e+18,F:\ZTF_Adjusted_Dataset\stamps_original\asteroid\ZTF26aargnny,,2.0,r,18.790700912475582,0.1260325461626052,1.0,0.8729169964790344,-999.0,23.10270500183105,29.27503967285156,-999.0,0.9819999933242798,2.690000057220459,t,1.0,1100.0,0.6010000109672546,-0.3680000007152557,8.434193388216362e+16,16.964099884033203,16.694599151611328,16.584699630737305,16.570199966430664,2.0
ZTF26aargnud,1,1374,61135.39447919978,61135.39447919978,False,False,1,,,,,61135.39447919978,61135.39447919978,0.0,203.0348505,-4.1505362,0.0852235108613967,0.0850000008940696,asteroid,stamp_classifier,1.0,27.5.7a32.dev1,asteroid,3.381394473015015e+18,F:\ZTF_Adjusted_Dataset\stamps_original\asteroid\ZTF26aargnud,,2.0,r,19.42074012756348,0.1798865050077438,0.0,0.0,1.0,13.038972854614258,22.74382209777832,24.3941707611084,0.9869999885559082,4.75,t,1.0,1374.0,0.4930000007152557,-0.0820000022649765,1.030120303670262e+17,21.901199340820312,21.417499542236328,21.432600021362305,20.396699905395508,5.0
ZTF26aargnwj,1,1107,61135.395416699816,61135.395416699816,False,False,1,,,,,61135.395416699816,61135.395416699816,0.0,194.0106404,-13.221692,0.0873145014047622,0.0850000008940696,asteroid,stamp_classifier,1.0,27.5.7a32.dev1,asteroid,3.381395411015015e+18,F:\ZTF_Adjusted_Dataset\stamps_original\asteroid\ZTF26aargnwj,,2.0,r,18.933618545532227,0.1388327479362487,0.996749997138977,0.8757500052452087,0.9743750095367432,10.170782089233398,16.187633514404297,17.38091468811035,0.9829999804496764,1.8600000143051147,t,1.0,1107.0,0.6370000243186951,-0.1669999957084655,9.213194010815096e+16,21.63109970092773,20.829599380493164,19.689599990844727,19.14889907836914,5.0
ZTF26aargnwq,1,3565,61135.3980556,61135.3980556,False,False,1,,,,,61135.3980556,61135.3980556,0.0,239.342275,0.8487409,0.085009329020977,0.0850000008940696,asteroid,stamp_classifier,1.0,27.5.7a32.dev1,asteroid,3.381398051115015e+18,F:\ZTF_Adjusted_Dataset\stamps_original\asteroid\ZTF26aargnwq,,2.0,r,18.549694061279297,0.0802703946828842,1.0,0.7922919988632202,0.991832971572876,9.478130340576172,15.392719268798828,15.616293907165527,0.9829999804496764,2.5299999713897705,t,1.0,3565.0,1.6690000295639038,-0.2560000121593475,1.0901239344877958e+17,19.07979965209961,18.64389991760254,18.44910049438477,18.375900268554688,6.0
ZTF18abottlk,27,766,58352.5,60268.25,True,False,5,,,,,58704.45999999996,60268.14704860002,1563.6870486000553,17.21126048,-15.409243320000002,0.00013409793809,6.394909694474674e-05,bogus,stamp_classifier,0.9628955,1.2.1,bogus,9.5045999361501e+17,F:\ZTF_Adjusted_Dataset\stamps_original\bogus\ZTF18abottlk,,2.0,r,19.19287872314453,0.1707577854394912,0.2463330030441284,0.3045949935913086,0.5,1.0131818056106567,1.027590036392212,1.810294508934021,0.9890000224113464,2.3499999046325684,f,22.0,153.0,6.184999942779541,0.5889999866485596,8.950017210887952e+16,18.175199508666992,17.265600204467773,16.922100067138672,17.04560089111328,14.0
ZTF19abrcmiz,1,93,58717.39724540012,58717.39724540012,False,False,1,,,,,58717.39724540012,58717.39724540012,0.0,355.7651351,-27.1998746,,,bogus,stamp_classifier,0.95841897,corr_bulk_0.0.1,bogus,9.6339724071501e+17,F:\ZTF_Adjusted_Dataset\stamps_original\bogus\ZTF19abrcmiz,,1.0,g,18.7663516998291,0.1606751233339309,0.0020000000949949,0.5,0.5,19.66711807250977,19.766944885253903,20.10524177551269,0.0230000000447034,6.769999980926514,f,1.0,93.0,0.7310000061988831,-0.3930000066757202,7.536355760525432e+16,20.90749931335449,21.183500289916992,20.7106990814209,20.59720039367676,3.0
ZTF19abuvxky,642,3129,58334.32820599992,59676.51980319992,False,False,9,0.5472992,,0.1926899,,58705.41664349986,59676.51980319992,971.1031597000548,336.8155105888889,15.310742144444443,9.473030724139728e-05,4.692747359252582e-05,bogus,stamp_classifier,0.9586241,correction_1.0.6,bogus,9.7230453151501e+17,F:\ZTF_Adjusted_Dataset\stamps_original\bogus\ZTF19abuvxky,,2.0,r,18.21135711669922,0.1195407807826995,0.5,0.5,0.5,5.551126480102539,6.047177314758301,9.348590850830078,0.3790000081062317,1.6276923418045044,f,37.0,318.0,19.32200050354004,1.830999970436096,1.2637336815274162e+17,20.96419906616211,-999.0,-999.0,19.41530036926269,17.0
ZTF19achaial,36,2807,58778.50210649986,61037.33503470011,False,False,2,,,,,58778.50210649986,61037.33503470011,2258.8329282002524,75.88737465003696,-20.4754814,0.0490615526738205,0.0459619390912516,bogus,stamp_classifier,0.9559102,27.5.7a32.dev1,bogus,1.02450210031501e+18,F:\ZTF_Adjusted_Dataset\stamps_original\bogus\ZTF19achaial,,1.0,g,18.17428970336914,0.1548530757427215,1.0,0.5,0.3850240111351013,2.809870719909668,8.382366180419922,10.060785293579102,0.8659999966621399,2.366168737411499,f,1.0,164.0,0.289000004529953,-0.0040000001899898,8.343075886809053e+16,16.37969970703125,15.654999732971191,15.36929988861084,15.2677001953125,22.0
ZTF21aaqnitt,3,1256,59281.22854170017,60287.41908559995,False,False,2,,,,,59296.18900460005,60287.41908559995,991.2300809998997,121.71514420000052,-20.69455949999945,0.0694832278597549,0.0649999974782266,bogus,stamp_classifier,0.9688572,correction_0.0.1,bogus,1.542189004915015e+18,F:\ZTF_Adjusted_Dataset\stamps_original\bogus\ZTF21aaqnitt,,1.0,g,17.176359176635742,0.1517268270254135,1.0,0.5,0.8929169774055481,5.432666301727295,11.89141845703125,12.191685676574709,0.4440000057220459,2.636938571929932,t,1.0,497.0,0.4149999916553497,0.0010000000474974,8.316121715166522e+16,13.121000289916992,12.961000442504885,12.871000289916992,12.833000183105469,20.0
ZTF22aabmjzu,1,643,59630.191365700215,59630.191365700215,False,False,1,,,,,59630.191365700215,59630.191365700215,0.0,107.621298,-24.3556073,,,bogus,stamp_classifier,0.9570018,correction_1.0.6,bogus,1.876191361715015e+18,F:\ZTF_Adjusted_Dataset\stamps_original\bogus\ZTF22aabmjzu,,1.0,g,15.598941802978516,0.2162924259901046,0.5,0.9990000128746032,0.8072289824485779,1.5771092176437378,2.2345223426818848,5.274864673614502,0.6209999918937683,4.71999979019165,t,1.0,643.0,0.777999997138977,-0.0140000004321336,7.877107620791368e+16,20.38999938964844,19.756500244140625,-999.0,19.22769927978516,22.0
ZTF22abkqbbo,1,1441,59855.5,59855.5,False,False,1,,,,,59855.42047449993,59855.42047449993,0.0,61.6819224,-18.0289571,,,bogus,stamp_classifier,0.9550905,dev,bogus,2.101420473015015e+18,F:\ZTF_Adjusted_Dataset\stamps_original\bogus\ZTF22abkqbbo,,2.0,r,19.42340660095215,0.1600246876478195,0.3564350008964538,0.0012499999720603,0.2048330008983612,21.78001976013184,28.66672706604004,28.89861297607422,0.0399999991059303,3.569999933242798,t,1.0,1441.0,0.248999997973442,-0.0520000010728836,8.636061676151835e+16,-999.0,-999.0,21.71969985961914,-999.0,3.0
ZTF22abulgna,1,713,59900.5,59900.5,False,False,1,,,,,59900.3976619998,59900.3976619998,0.0,100.6006961,-17.1681054,,,bogus,stamp_classifier,0.95533407,1.1.6,bogus,2.146397662415015e+18,F:\ZTF_Adjusted_Dataset\stamps_original\bogus\ZTF22abulgna,,2.0,r,18.321701049804688,0.2085804790258407,0.9781789779663086,0.9793750047683716,0.3042919933795929,3.741547822952272,10.700750350952148,10.806512832641602,0.0189999993890523,3.25,t,1.0,713.0,0.2610000073909759,-0.0099999997764825,8.739100600770734e+16,16.638700485229492,15.766799926757812,15.340399742126465,15.105899810791016,13.0
ZTF22abvqstd,1,1049,59904.25,59904.25,False,False,1,,,,,59904.29396989988,59904.29396989988,0.0,63.0456075,-9.7067774,,,bogus,stamp_classifier,0.956538,1.1.6,bogus,2.15029396391501e+18,F:\ZTF_Adjusted_Dataset\stamps_original\bogus\ZTF22abvqstd,,1.0,g,19.83639335632324,0.1634016931056976,0.7836670279502869,-999.0,-999.0,13.836430549621582,-999.0,-999.0,0.2649999856948852,4.21999979019165,f,1.0,1049.0,1.2269999980926514,-0.5090000033378601,9.635063041730173e+16,22.05240058898925,21.4606990814209,21.32950019836425,21.11800003051757,1.0
ZTF22abxbqnw,1,1662,59908.5,59908.5,False,False,1,,,,,59908.48126159981,59908.48126159981,0.0,116.1246681,-27.5713002,,,bogus,stamp_classifier,0.9582913,1.1.6,bogus,2.1544812614150152e+18,F:\ZTF_Adjusted_Dataset\stamps_original\bogus\ZTF22abxbqnw,,2.0,r,17.095430374145508,0.1047427654266357,1.0,0.7197440266609192,0.9232439994812012,2.6289844512939453,5.167315006256104,6.987099170684815,0.6759999990463257,3.166879892349243,t,1.0,1662.0,1.7020000219345093,-0.0089999996125698,7.491116124000563e+16,14.7923002243042,13.774499893188477,13.437000274658203,12.996000289916992,31.0
ZTF23aacjhqh,1,696,59991.25,59991.25,False,False,1,,,,,59991.19020830002,59991.19020830002,0.0,97.9671432,-19.6196263,,,bogus,stamp_classifier,0.9549988,1.1.6,bogus,2.237190201215015e+18,F:\ZTF_Adjusted_Dataset\stamps_original\bogus\ZTF23aacjhqh,,1.0,g,17.632448196411133,0.1334078162908554,0.9316840171813964,0.9987499713897704,0.4163480103015899,11.295026779174805,14.614213943481444,15.957279205322266,0.0280000008642673,6.590000152587891,t,1.0,696.0,1.055999994277954,-0.0089999996125698,8.445097970517736e+16,-999.0,21.4064998626709,20.598800659179688,20.087400436401367,9.0
ZTF23aavxwjt,2,824,59218.0,60160.5,False,False,1,,,,,60160.43899310008,60160.43899310008,0.0,335.1071145,-17.1570633,,,bogus,stamp_classifier,0.9538335,1.2.0,bogus,2.40643899201501e+18,F:\ZTF_Adjusted_Dataset\stamps_original\bogus\ZTF23aavxwjt,,2.0,r,18.645483016967773,0.1553684920072555,0.0210417006164789,0.9878330230712892,-999.0,22.80144119262696,28.157814025878903,-999.0,0.1220000013709068,6.25,f,2.0,824.0,1.3079999685287476,0.0280000008642673,8.740335110110512e+16,22.015899658203125,21.386999130249023,21.07699966430664,20.88969993591309,2.0
ZTF23abjfcgr,1,1300,60228.25,60228.25,False,False,1,,,,,60228.23121530004,60228.23121530004,0.0,351.1756844,-20.0642508,,,bogus,stamp_classifier,0.9710646,1.2.1,bogus,2.474231210315015e+18,F:\ZTF_Adjusted_Dataset\stamps_original\bogus\ZTF23abjfcgr,,1.0,g,18.548002243041992,0.132336750626564,0.0584167018532753,0.9589580297470092,0.2753959894180298,24.94266128540039,26.23908424377441,28.88647651672364,0.0450000017881393,6.949999809265137,t,1.0,1300.0,0.8320000171661377,0.0630000010132789,8.391351169043938e+16,-999.0,21.76000022888184,21.19890022277832,-999.0,3.0
ZTF23abjfcgx,1,1300,60228.25,60228.25,False,False,1,,,,,60228.23121530004,60228.23121530004,0.0,351.2037907,-20.0605875,,,bogus,stamp_classifier,0.9563228,1.2.1,bogus,2.474231210315015e+18,F:\ZTF_Adjusted_Dataset\stamps_original\bogus\ZTF23abjfcgx,,1.0,g,18.546003341674805,0.1572631895542144,0.4428269863128662,0.6558539867401123,-999.0,18.05796432495117,22.873973846435547,-999.0,0.0230000000447034,6.409999847412109,t,1.0,1300.0,0.7279999852180481,0.1539999991655349,8.39235119969238e+16,21.90999984741211,21.70809936523437,21.081600189208984,21.0044002532959,2.0
ZTF23abocrtb,4,2605,60249.35763890017,60734.14907409996,False,False,3,,,,,60249.35763890017,60734.14907409996,484.7914351997897,58.18658399995725,-11.8743876,0.0383483827780878,0.0375277661208153,bogus,stamp_classifier,0.95622915,26.0.1,bogus,2.495357631315015e+18,F:\ZTF_Adjusted_Dataset\stamps_original\bogus\ZTF23abocrtb,,1.0,g,16.1434268951416,0.1798681765794754,0.5,0.5,0.9987499713897704,2.247775077819824,4.890994071960449,8.847155570983887,0.5910000205039978,1.630599856376648,t,1.0,2041.0,0.5950000286102295,0.0230000000447034,9.375058186304178e+16,-999.0,13.38640022277832,13.961999893188477,-999.0,5.0
ZTF23abrrjae,1,2424,60268.25,60268.25,False,False,1,,,,,60268.16146990005,60268.16146990005,0.0,309.044386,-5.5845765,,,bogus,stamp_classifier,0.9601643,1.2.1,bogus,2.514161461415015e+18,F:\ZTF_Adjusted_Dataset\stamps_original\bogus\ZTF23abrrjae,,2.0,r,17.91411781311035,0.1779674142599105,0.9904580116271972,0.906000018119812,0.9801669716835022,5.035943031311035,6.968925476074219,12.41447925567627,0.5960000157356262,2.7894058227539062,t,1.0,2424.0,3.650000095367432,0.5299999713897705,1.013030904385405e+17,14.459799766540527,14.132200241088867,14.02869987487793,14.038200378417969,17.0
ZTF25aabvuvz,1,1972,60689.3032176001,60689.3032176001,False,False,1,,,,,60689.3032176001,60689.3032176001,0.0,101.1783044,-24.7357852,0.0715664327144622,0.0649999976158142,bogus,stamp_classifier,0.9550521,26.0.1,bogus,2.935303212915015e+18,F:\ZTF_Adjusted_Dataset\stamps_original\bogus\ZTF25aabvuvz,,1.0,g,16.98184585571289,0.1278554499149322,0.5,0.9987499713897704,0.9933329820632936,1.9474025964736936,2.582038164138794,9.206188201904297,0.0189999993890523,3.25,t,1.0,1972.0,0.5860000252723694,-0.0189999993890523,7.831101178635806e+16,18.039899826049805,-999.0,-999.0,-999.0,16.0
ZTF25aacnzsr,1,1553,60695.18959489977,60695.18959489977,False,False,1,,,,,60695.18959489977,60695.18959489977,0.0,78.682774,-25.0672793,0.0717589035630226,0.0649999976158142,bogus,stamp_classifier,0.95673245,26.0.1,bogus,2.941189592915015e+18,F:\ZTF_Adjusted_Dataset\stamps_original\bogus\ZTF25aacnzsr,,1.0,g,19.33890724182129,0.1657491773366928,0.9811670184135436,0.54271399974823,-999.0,14.819130897521973,23.2569580078125,-999.0,0.0489999987185001,6.610000133514404,t,1.0,1553.0,0.9589999914169312,-0.4040000140666961,7.792078687134093e+16,-999.0,21.96839904785156,20.734100341796875,20.10569953918457,2.0
ZTF25aadbkzg,1,984,60699.22997689992,60699.22997689992,False,False,1,,,,,60699.22997689992,60699.22997689992,0.0,104.5689057,-26.8950758,0.0953089594841003,0.0850000008940696,bogus,stamp_classifier,0.96158135,26.0.1,bogus,2.945229970815015e+18,F:\ZTF_Adjusted_Dataset\stamps_original\bogus\ZTF25aadbkzg,,2.0,r,17.65849494934082,0.1366476416587829,0.982707977294922,0.7134289741516113,0.9720420241355896,3.202066421508789,9.58573055267334,9.658610343933104,0.0189999993890523,3.25,t,1.0,984.0,0.4699999988079071,-0.0070000002160668,7.57210456903052e+16,14.945300102233888,13.99619960784912,13.597200393676758,13.351400375366213,17.0
ZTF25aaufggi,1,1347,60834.461087999865,60834.461087999865,False,False,1,,,,,60834.461087999865,60834.461087999865,0.0,328.743279,-10.0966434,0.0863370597362518,0.0850000008940696,bogus,stamp_classifier,0.9558056,27.5.6,bogus,3.08046108251501e+18,F:\ZTF_Adjusted_Dataset\stamps_original\bogus\ZTF25aaufggi,,2.0,r,20.242019653320312,0.1722115278244018,0.0,0.5,0.5,13.092599868774414,14.663532257080078,15.851433753967283,0.8190000057220459,4.730000019073486,f,1.0,1347.0,1.274999976158142,0.2000000029802322,9.588328739767584e+16,21.89539909362793,21.4960994720459,21.371400833129883,21.17180061340332,10.0
ZTF25abpdtbm,1,816,60924.43811339978,60924.43811339978,False,False,1,,,,,60924.43811339978,60924.43811339978,0.0,36.5664117,-20.9494695,0.0910165458917617,0.0850000008940696,bogus,stamp_classifier,0.95398426,27.5.6,bogus,3.170438115715015e+18,F:\ZTF_Adjusted_Dataset\stamps_original\bogus\ZTF25abpdtbm,,2.0,r,18.93626976013184,0.2069736272096634,-999.0,-999.0,-999.0,-999.0,-999.0,-999.0,1.0,1.4900000095367432,t,1.0,816.0,1.0980000495910645,0.1679999977350235,-999.0,-999.0,-999.0,-999.0,-999.0,0.0
ZTF25abwzyao,1,1362,60961.37721059984,60961.37721059984,False,False,1,,,,,60961.37721059984,60961.37721059984,0.0,38.6505038,-17.4827511,0.089116521179676,0.0850000008940696,bogus,stamp_classifier,0.9555743,27.5.6,bogus,3.207377212015015e+18,F:\ZTF_Adjusted_Dataset\stamps_original\bogus\ZTF25abwzyao,,2.0,r,19.24307441711425,0.2166718244552612,-999.0,-999.0,-999.0,-999.0,-999.0,-999.0,0.9800000190734864,2.359999895095825,t,1.0,1362.0,0.492000013589859,0.1000000014901161,-999.0,-999.0,-999.0,-999.0,-999.0,0.0
ZTF25achxyax,1,2257,61025.15651619993,61025.15651619993,False,False,1,,,,,61025.15651619993,61025.15651619993,0.0,357.38182,-13.4266175,0.0668264925479888,0.0649999976158142,bogus,stamp_classifier,0.9554346,27.5.7a32.dev1,bogus,3.271156514915015e+18,F:\ZTF_Adjusted_Dataset\stamps_original\bogus\ZTF25achxyax,,1.0,g,17.750295639038086,0.0879878029227256,0.0,0.0,0.0,7.383214473724365,16.202482223510742,23.33678436279297,0.0930000022053718,5.28000020980835,t,1.0,2257.0,0.6449999809265137,-0.1650000065565109,9.188357383669728e+16,21.75,21.60610008239746,21.53319931030273,21.193300247192383,6.0
ZTF26aaaacea,1,1152,61049.08387729991,61049.08387729991,False,False,1,,,,,61049.08387729991,61049.08387729991,0.0,359.824087,-14.367498599999998,0.0877442806959152,0.0850000008940696,bogus,stamp_classifier,0.9552937,27.5.7a32.dev1,bogus,3.29508387581501e+18,F:\ZTF_Adjusted_Dataset\stamps_original\bogus\ZTF26aaaacea,,2.0,r,18.68247413635254,0.1557889580726623,0.0041666701436042,0.9981250166893004,0.0,9.862762451171877,23.05912208557129,25.847675323486328,0.9829999804496764,4.610000133514404,f,1.0,1152.0,0.4320000112056732,-0.1000000014901161,9.075359821891718e+16,-999.0,-999.0,21.678699493408203,-999.0,4.0
ZTF26aaavqzb,1,1251,61053.53799769981,61053.53799769981,True,False,1,,,,,61053.53799769981,61053.53799769981,0.0,228.3942737,-0.5805174,0.0850043594837188,0.0850000008940696,bogus,stamp_classifier,0.9546822,27.5.7a32.dev1,bogus,3.29953799541501e+18,F:\ZTF_Adjusted_Dataset\stamps_original\bogus\ZTF26aaavqzb,,2.0,r,19.355356216430664,0.1981010437011718,0.1021099984645843,0.9724090099334716,0.1267500072717666,1.0741171836853027,16.582820892333984,18.6694393157959,0.7200000286102295,2.091299533843994,f,1.0,1251.0,7.849999904632568,1.1749999523162842,1.0730228394514413e+17,19.152299880981445,18.56329917907715,17.186100006103516,17.177000045776367,4.0
ZTF26aabcgxo,1,1894,61054.41877309978,61054.41877309978,False,False,1,,,,,61054.41877309978,61054.41877309978,0.0,122.9053301,-21.9981211,0.0701038315892219,0.0649999976158142,bogus,stamp_classifier,0.962333,27.5.7a32.dev1,bogus,3.300418775115015e+18,F:\ZTF_Adjusted_Dataset\stamps_original\bogus\ZTF26aabcgxo,,1.0,g,17.363834381103516,0.2160652875900268,0.9712499976158142,0.9012140035629272,0.5959699749946594,4.974714756011963,14.136046409606934,17.80695915222168,0.3510000109672546,3.7300000190734863,t,1.0,1894.0,2.858999967575073,-0.0179999992251396,8.160122903942194e+16,13.732799530029297,13.07900047302246,12.866000175476074,12.767000198364258,16.0
ZTF26aabxmao,9,1053,59195.52329860022,61057.40518519981,False,False,5,,,,,61052.39687500009,61057.40518519981,5.008310199715197,144.9804129195341,-21.803634,0.0313086316800453,0.0290688826412569,bogus,stamp_classifier,0.95416504,27.5.7a32.dev1,bogus,3.303401936215015e+18,F:\ZTF_Adjusted_Dataset\stamps_original\bogus\ZTF26aabxmao,,1.0,g,17.523773193359375,0.1204482614994049,0.9975000023841858,0.993749976158142,1.0,4.524060249328613,12.704495429992676,13.444113731384276,0.449999988079071,2.945240020751953,t,1.0,1052.0,0.5360000133514404,-0.0089999996125698,8.183144979622642e+16,13.78600025177002,13.196000099182127,13.064000129699709,13.053600311279297,7.0
ZTF26aajupup,1,1960,61106.54332179995,61106.54332179995,False,False,1,,,,,61106.54332179995,61106.54332179995,0.0,307.9372134,-4.2939912,0.0852392688393592,0.0850000008940696,bogus,stamp_classifier,0.95435077,27.5.7a32.dev1,bogus,3.352543321815015e+18,F:\ZTF_Adjusted_Dataset\stamps_original\bogus\ZTF26aajupup,,2.0,r,17.09707260131836,0.1489570140838623,0.5,0.9935420155525208,0.0531548000872135,1.360813021659851,3.768574714660645,6.0491862297058105,0.6539999842643738,3.25,t,1.0,1960.0,0.6819999814033508,-0.0260000005364418,1.0284307937506803e+17,19.85260009765625,-999.0,18.692699432373047,-999.0,21.0
ZTF26aaqynqy,4,1864,58305.24565970013,61133.45745369978,False,False,1,,,,,61133.45745369978,61133.45745369978,0.0,261.1413451,-13.7981332,0.0102971550077199,0.0099999997764825,bogus,stamp_classifier,0.9568705,27.5.7a32.dev1,bogus,3.379457455715015e+18,F:\ZTF_Adjusted_Dataset\stamps_original\bogus\ZTF26aaqynqy,,3.0,i,17.697406768798828,0.2005032896995544,0.5,0.9962499737739564,0.906374990940094,3.2214605808258057,4.075205326080322,5.520528316497803,0.7200000286102295,2.9398741722106934,t,4.0,1864.0,2.4040000438690186,0.2660000026226043,9.144261141525158e+16,21.44569969177246,20.667600631713867,20.169300079345703,20.07950019836425,52.0
ZTF26aaqyrzy,17,2120,59063.33620369993,61133.506458300166,False,False,2,,,,,61114.53542819992,61133.506458300166,18.97103010024876,310.1254343938565,-2.3916367464163533,0.0099401642217879,0.0099315058256989,bogus,stamp_classifier,0.9546801,27.5.7a32.dev1,bogus,3.37950645471501e+18,F:\ZTF_Adjusted_Dataset\stamps_original\bogus\ZTF26aaqyrzy,,3.0,i,17.60584831237793,0.1311869323253631,0.9975000023841858,0.8512619733810425,0.9660210013389589,4.162637233734131,9.351726531982422,13.732898712158203,0.5870000123977661,2.7414467334747314,f,17.0,2120.0,6.525000095367432,0.4990000128746032,1.051231012637797e+17,16.797100067138672,16.25550079345703,16.064699172973633,16.007699966430664,13.0
